Account Transactions,,,,,,,,
Terminal Six Post,,,,,,,,
For the period 1 January 2023 to 31 December 2023,,,,,,,,
,,,,,,,,
Date,Source,Description,Reference,Debit,Credit,Running Balance,Gross,Tax
,,,,,,,,
Client Meeting Expense,,,,,,,,
12 Jan 2023,Spend Money,Wesley Yap,,"3,609.00",0.00,"3,609.00","3,609.00",0.00
14 Feb 2023,Spend Money,GOLDEN ARCHES DEVELOPMENT CORPORATION - Meal Reimbursement Talahiban,Talahiban,616.00,0.00,"4,225.00",616.00,0.00
17 Feb 2023,Spend Money,Mary Grace's - Meeting,Takeshi's Castle PH,"2,432.00",0.00,"6,657.00","2,432.00",0.00
02 Mar 2023,Spend Money,RUSTAN COFFEE CORP - STARBUCKS - COFFEE,,562.50,0.00,"7,219.50",630.00,67.50
24 Mar 2023,Spend Money,Jamboree Expresslane Minimart,,138.39,0.00,"7,357.89",155.00,16.61
14 Aug 2023,Spend Money,Catsi Catalan - Meeting with Direk Arvin,,"7,320.00",0.00,"14,677.89","7,320.00",0.00
15 Aug 2023,Spend Money,Not assigned - Meeting with Direk Arvin,,450.00,0.00,"15,127.89",450.00,0.00
23 Aug 2023,Spend Money,Jamboree Expresslane Minimart - Water Bottle for ADR,,22.00,0.00,"15,149.89",22.00,0.00
15 Sep 2023,Spend Money,"Golden Donuts, Inc. - Meals",Simula sa Gitna,304.46,0.00,"15,454.35",341.00,36.54
18 Sep 2023,Spend Money,Jamboree Expresslane Minimart - Water for ADR,"Shake, Rattle and Roll",107.14,0.00,"15,561.49",120.00,12.86
18 Sep 2023,Spend Money,Grab,,"1,816.00",0.00,"17,377.49","1,816.00",0.00
20 Sep 2023,Spend Money,Jamboree Expresslane Minimart - Battery for ADR,"Shake, Rattle and Roll",350.89,0.00,"17,728.38",393.00,42.11
30 Nov 2023,Spend Money,Jam Vergara - Senate Meeting,,496.00,0.00,"18,224.38",496.00,0.00
30 Nov 2023,Spend Money,Jam Vergara - Senate Meeting,,177.00,0.00,"18,401.38",177.00,0.00
Total Client Meeting Expense,,,,"18,401.38",0.00,"18,401.38","18,577.00",175.62
,,,,,,,,
Computer Accessories,,,,,,,,
08 Jul 2023,Spend Money,Omni Electrical & Lighting Philippines - OMNI 3-Gang Wall Universal Adaptor 10A with Individual Switch and Power Indicator - WUA-032-PK,,969.76,0.00,969.76,969.76,0.00
08 Jul 2023,Spend Money,Omni Electrical & Lighting Philippines - OMNI Dual Portable Extension Cord Set 3 Meter Wire - WDP-303,,"1,455.50",0.00,"2,425.26","1,455.50",0.00
08 Jul 2023,Spend Money,APC - APC Easy UPS BVX1200LI-MS 650 Watts / 1.2kVA 230V AVR Universal Sockets | APC UPS,,"6,815.44",0.00,"9,240.70","6,815.44",0.00
20 Jul 2023,Spend Money,"Keychron Philippines - Keychron C2 Mechanical Keyboard (Full Size Layout, Wired, White LED, Gateron, HotSwap)",,"15,160.00",0.00,"24,400.70","15,160.00",0.00
20 Jul 2023,Spend Money,"Cubed Technologies Solutions Phils. Inc. - Samsung 32 inch M7 UHD 4K Smart PC Monitor LS32BM700UEXXP/Smart TV apps Netflix,YouTube,HBO Go/AirplaY/USB-C/HDMI/Bluetooth/60Hz refresh rate/built-in Wifi/Speaker",,"15,972.32",0.00,"40,373.02","17,889.00","1,916.68"
20 Jul 2023,Spend Money,Infoworx Inc. - APC UPS BV1000I-MS 1000VA/600Watts Line Interactive with AVR | APC UPS,,"18,532.14",0.00,"58,905.16","20,756.00","2,223.86"
20 Jul 2023,Spend Money,Infoworx Inc. - Fee,,64.73,0.00,"58,969.89",72.50,7.77
25 Jul 2023,Spend Money,Power Infinite - Anker Premium 4-in1 Type-C Hub Adapter with 60W Power Delivery 3 USB 3.0 Ports for Macbook Pro,,"4,046.40",0.00,"63,016.29","4,046.40",0.00
29 Jul 2023,Spend Money,Ugreen Official Store - UGREEN 8K HDMI 2.1 Cord 8K/60Hz 4K/120Hz 1440p/144hz 48Gbps HDCP2.2 for PS5 PS4 Splitter Switch 8K HDMI Audio Video Cable,,"1,424.00",0.00,"64,440.29","1,424.00",0.00
29 Jul 2023,Spend Money,Ugreen Official Store - UGREEN HDMI 2.1 Extension Cable 8K/60Hz 4K/120Hz HDMI Male to Female 48Gbps HD Cable for PS5 TV Stick Apple TV Laptop Monitor Projector,,350.00,0.00,"64,790.29",350.00,0.00
29 Jul 2023,Spend Money,JG Superstore - Sndway SW-523 Digital Sound Level Meter Measuring Instrument with LCD Display and Data Storage function for Monitoring or Controlling Noise Volume,,"1,338.00",0.00,"66,128.29","1,338.00",0.00
18 Aug 2023,Spend Money,Alpha Unltd - Alpha Unltd Gaming Mousepad XXL | (900x400x3mm) | Standard (Speed Control) |,,"2,100.00",0.00,"68,228.29","2,100.00",0.00
02 Oct 2023,Spend Money,Wesley Yap - Cables & Network,,"2,500.00",0.00,"70,728.29","2,500.00",0.00
Total Computer Accessories,,,,"70,728.29",0.00,"70,728.29","74,876.60","4,148.31"
,,,,,,,,
Computer Equipment,,,,,,,,
Opening Balance,,,,"2,046,784.41",0.00,"2,046,784.41",0.00,0.00
14 Feb 2023,Spend Money,Wesley Yap - Mac Mini 2018,,"23,000.00",0.00,"2,069,784.41","23,000.00",0.00
15 Feb 2023,Payable Invoice,Channel International Enterprises - Davinci Resolve Mini Panel,,"167,188.00",0.00,"2,236,972.41","167,188.00",0.00
07 Jun 2023,Spend Money,Not assigned - iMac,iMac,"120,000.00",0.00,"2,356,972.41","120,000.00",0.00
19 Jul 2023,Spend Money,Upson Intl. Corp. - APC BV0001-MS Fuse Type 600w/230v UPS,,"5,066.96",0.00,"2,362,039.37","5,675.00",608.04
19 Jul 2023,Spend Money,Upson Intl. Corp. - Rapoo N100/18050 Wired Optical Mouse ,,714.29,0.00,"2,362,753.66",800.00,85.71
20 Jul 2023,Spend Money,PixelPlay - Samsung M7 LS32BM700UEXXP 32-Inch Smart Monitor,,"17,950.00",0.00,"2,380,703.66","17,950.00",0.00
21 Jul 2023,Spend Money,Not assigned - Apple Mac Studio,,"50,000.00",0.00,"2,430,703.66","50,000.00",0.00
21 Jul 2023,Spend Money,Not assigned - Apple Mac Studio,,"50,000.00",0.00,"2,480,703.66","50,000.00",0.00
26 Jul 2023,Spend Money,Not assigned - Apple Mac Studio,,"100,000.00",0.00,"2,580,703.66","100,000.00",0.00
14 Sep 2023,Spend Money,Not assigned - Mac Studio,,"3,290.00",0.00,"2,583,993.66","3,290.00",0.00
14 Sep 2023,Spend Money,Not assigned - Mac Studio,,"25,465.03",0.00,"2,609,458.69","25,465.03",0.00
14 Sep 2023,Spend Money,Not assigned - Mac Studio,,"25,000.00",0.00,"2,634,458.69","25,000.00",0.00
Total Computer Equipment,,,,"587,674.28",0.00,"2,634,458.69","588,368.03",693.75
Closing Balance,,,,"2,634,458.69",0.00,"2,634,458.69",0.00,0.00
,,,,,,,,
Computer Software,,,,,,,,
Opening Balance,,,,"388,681.57",0.00,"388,681.57",0.00,0.00
20 Aug 2023,Spend Money,NeatLab Pty Ltd - Neat Video v5 Pro plug-in for Resolve,,"10,383.42",0.00,"399,064.99","10,383.42",0.00
Total Computer Software,,,,"10,383.42",0.00,"399,064.99","10,383.42",0.00
Closing Balance,,,,"399,064.99",0.00,"399,064.99",0.00,0.00
,,,,,,,,
Conferences and Events - Meals,,,,,,,,
06 Aug 2023,Spend Money,BURGER KING - Meals,Cinemalaya 2023,"1,457.00",0.00,"1,457.00","1,457.00",0.00
06 Aug 2023,Spend Money,Maukas Foods Inc. - Cinemalaya Meals,Cinemalaya 2023,"1,145.54",0.00,"2,602.54","1,283.00",137.46
07 Aug 2023,Spend Money,BURGER KING - Meals,Cinemalaya 2023,"1,749.00",0.00,"4,351.54","1,749.00",0.00
09 Aug 2023,Spend Money,"PCK-MTB, INC. - Meals",Cinemalaya 2023,"4,676.78",0.00,"9,028.32","5,237.99",561.21
09 Aug 2023,Spend Money,"PCK-MTB, INC. - Service Charge",Cinemalaya 2023,374.15,0.00,"9,402.47",374.15,0.00
Total Conferences and Events - Meals,,,,"9,402.47",0.00,"9,402.47","10,101.14",698.67
,,,,,,,,
Conferences and Events - Miscellaneous,,,,,,,,
12 May 2023,Spend Money,Nard Torres - Pocket Money,France 2023,"50,000.00",0.00,"50,000.00","50,000.00",0.00
05 Aug 2023,Spend Money,Philippine International Convention Center - Parking Fee,Cinemalaya 2023,60.00,0.00,"50,060.00",60.00,0.00
05 Aug 2023,Spend Money,Ayala Land Metro North Inc. - Parking Fee,Cinemalaya 2023,35.00,0.00,"50,095.00",35.00,0.00
05 Aug 2023,Spend Money,Ayala Land Metro North Inc. - Parking Fee,Cinemalaya 2023,35.00,0.00,"50,130.00",35.00,0.00
05 Aug 2023,Spend Money,North Triangle Depot Commercial Corporation - Gas - Messenger,Cinemalaya 2023,50.00,0.00,"50,180.00",50.00,0.00
06 Aug 2023,Spend Money,Ayala Land Metro North Inc. - Parking Fee,Cinemalaya 2023,35.00,0.00,"50,215.00",35.00,0.00
06 Aug 2023,Spend Money,North Triangle Depot Commercial Corporation - Parking Fee - Messenger,Cinemalaya 2023,50.00,0.00,"50,265.00",50.00,0.00
06 Aug 2023,Spend Money,North Triangle Depot Commercial Corporation - Parking Fee - Messenger,Cinemalaya 2023,50.00,0.00,"50,315.00",50.00,0.00
06 Aug 2023,Spend Money,Ayala Land Metro North Inc. - Parking Fee - Messenger,Cinemalaya 2023,35.00,0.00,"50,350.00",35.00,0.00
02 Oct 2023,Spend Money,Catsi Catalan - Allowance,,"22,321.43",0.00,"72,671.43","25,000.00","2,678.57"
Total Conferences and Events - Miscellaneous,,,,"72,671.43",0.00,"72,671.43","75,350.00","2,678.57"
,,,,,,,,
Conferences and Events - Registration,,,,,,,,
01 Aug 2023,Spend Money,Cultural Center of the Philippines - Tickets,Cinemalaya 2023,"12,960.00",0.00,"12,960.00","12,960.00",0.00
Total Conferences and Events - Registration,,,,"12,960.00",0.00,"12,960.00","12,960.00",0.00
,,,,,,,,
Conferences and Events - Travel,,,,,,,,
05 May 2023,Payable Invoice,Cory Vidanes - Nard Ticket,France 2023,"113,928.00",0.00,"113,928.00","113,928.00",0.00
30 Nov 2023,Spend Money,Jam Vergara - QCinema 2023 Opening Night,,249.00,0.00,"114,177.00",249.00,0.00
Total Conferences and Events - Travel,,,,"114,177.00",0.00,"114,177.00","114,177.00",0.00
,,,,,,,,
Consulting & Accounting,,,,,,,,
25 Jan 2023,Payable Invoice,Gemini Accnt Business Management Consultancy Services - Service Fee,January 2023 Service Fee,"3,000.00",0.00,"3,000.00","3,000.00",0.00
25 Jan 2023,Payable Invoice,Gemini Accnt Business Management Consultancy Services - Additional Receipts,January 2023 Service Fee,"42,750.00",0.00,"45,750.00","42,750.00",0.00
25 Jan 2023,Payable Invoice,Gemini Accnt Business Management Consultancy Services - Service Fee for one year support for MP renewal and related permits,January 2023 Service Fee,"5,000.00",0.00,"50,750.00","5,000.00",0.00
25 Jan 2023,Payable Invoice,Gemini Accnt Business Management Consultancy Services - 2022 ITR/AFS Processing Fee,January 2023 Service Fee,"7,500.00",0.00,"58,250.00","7,500.00",0.00
27 Feb 2023,Payable Invoice,Gemini Accnt Business Management Consultancy Services - Service Fee,February 2023 Service Fee,"3,000.00",0.00,"61,250.00","3,000.00",0.00
24 Mar 2023,Payable Invoice,Gemini Accnt Business Management Consultancy Services - Service Fee,March 2023 Service Fee,"3,000.00",0.00,"64,250.00","3,000.00",0.00
25 Apr 2023,Payable Invoice,Gemini Accnt Business Management Consultancy Services - Service Fee,April 2023 Service Fee,"3,000.00",0.00,"67,250.00","3,000.00",0.00
25 Apr 2023,Payable Invoice,Gemini Accnt Business Management Consultancy Services - Additional VAT Receipts,April 2023 Service Fee,"78,750.00",0.00,"146,000.00","78,750.00",0.00
25 Apr 2023,Payable Invoice,Gemini Accnt Business Management Consultancy Services - One time fee for SSS Amendment,April 2023 Service Fee,"1,000.00",0.00,"147,000.00","1,000.00",0.00
25 May 2023,Payable Invoice,Gemini Accnt Business Management Consultancy Services - Service Fee,May 2023 Service Fee,"3,000.00",0.00,"150,000.00","3,000.00",0.00
25 Jun 2023,Payable Invoice,Gemini Accnt Business Management Consultancy Services - Service Fee,June 2023 Service Fee,"3,000.00",0.00,"153,000.00","3,000.00",0.00
25 Jul 2023,Payable Invoice,Gemini Accnt Business Management Consultancy Services - Service Fee,July 2023 Service Fee,"3,000.00",0.00,"156,000.00","3,000.00",0.00
25 Jul 2023,Payable Invoice,Gemini Accnt Business Management Consultancy Services - One time fee for social ben amendment,July 2023 Service Fee,"1,000.00",0.00,"157,000.00","1,000.00",0.00
01 Sep 2023,Payable Invoice,Gemini Accnt Business Management Consultancy Services - Service Fee,August 2023 Service Fee,"3,000.00",0.00,"160,000.00","3,000.00",0.00
27 Sep 2023,Payable Invoice,Gemini Accnt Business Management Consultancy Services - Service Fee,September 2023 Service Fee,"3,000.00",0.00,"163,000.00","3,000.00",0.00
27 Sep 2023,Payable Invoice,Gemini Accnt Business Management Consultancy Services - 2023 MP Renewal Fee of Q4,September 2023 Service Fee,"23,479.55",0.00,"186,479.55","23,479.55",0.00
24 Oct 2023,Payable Invoice,Gemini Accnt Business Management Consultancy Services - Service Fee,October 2023 Service Fee,"3,000.00",0.00,"189,479.55","3,000.00",0.00
24 Oct 2023,Payable Invoice,Gemini Accnt Business Management Consultancy Services - Additional Receipts,October 2023 Service Fee,"81,000.00",0.00,"270,479.55","81,000.00",0.00
24 Nov 2023,Payable Invoice,Gemini Accnt Business Management Consultancy Services - Service Fee,November 2023 Service Fee,"3,000.00",0.00,"273,479.55","3,000.00",0.00
01 Dec 2023,Payable Invoice,Gemini Accnt Business Management Consultancy Services - Service Fee,December 2023 Service Fee,"3,000.00",0.00,"276,479.55","3,000.00",0.00
Total Consulting & Accounting,,,,"276,479.55",0.00,"276,479.55","276,479.55",0.00
,,,,,,,,
Delivery Fee,,,,,,,,
01 Feb 2023,Spend Money,Grab - Delivery Fee,,49.00,0.00,49.00,49.00,0.00
06 Feb 2023,Spend Money,Grab,,49.00,0.00,98.00,49.00,0.00
09 Feb 2023,Spend Money,Not assigned,,129.00,0.00,227.00,129.00,0.00
13 Feb 2023,Spend Money,Grab,,49.00,0.00,276.00,49.00,0.00
15 Feb 2023,Spend Money,Not assigned - HD Delivery to Marya,,97.00,0.00,373.00,97.00,0.00
15 Feb 2023,Spend Money,Not assigned - Delivery to Quantum,,95.00,0.00,468.00,95.00,0.00
17 Feb 2023,Spend Money,Not assigned - HD Delivery to Marya,,78.00,0.00,546.00,78.00,0.00
17 Feb 2023,Spend Money,Grab,,49.00,0.00,595.00,49.00,0.00
24 Feb 2023,Spend Money,Northstar Grill And Gourmet Corporation,,39.00,0.00,634.00,39.00,0.00
25 Feb 2023,Spend Money,Northstar Grill And Gourmet Corporation,,39.00,0.00,673.00,39.00,0.00
27 Feb 2023,Spend Money,World Inasal Empire Inc. - Delivery Fee,,55.00,0.00,728.00,55.00,0.00
02 Mar 2023,Spend Money,Grab,,60.00,0.00,788.00,60.00,0.00
14 Mar 2023,Spend Money,Not assigned - Delivery Fee,,141.00,0.00,929.00,141.00,0.00
20 Mar 2023,Spend Money,Not assigned,,136.00,0.00,"1,065.00",136.00,0.00
22 Mar 2023,Spend Money,Not assigned,,300.00,0.00,"1,365.00",300.00,0.00
23 Mar 2023,Spend Money,Grab - Delivery Fee,,49.00,0.00,"1,414.00",49.00,0.00
25 Mar 2023,Spend Money,Grab - Delivery Fee,,51.00,0.00,"1,465.00",51.00,0.00
03 Apr 2023,Spend Money,Lazada,,42.50,0.00,"1,507.50",42.50,0.00
03 Apr 2023,Spend Money,Grab,,54.00,0.00,"1,561.50",54.00,0.00
18 Apr 2023,Spend Money,Not assigned - HD Delivery to Ilsa Malsi,,123.00,0.00,"1,684.50",123.00,0.00
18 Apr 2023,Spend Money,Not assigned - HD Delivery to Nico Ebora,,81.00,0.00,"1,765.50",81.00,0.00
15 May 2023,Spend Money,Not assigned - HD Delivery to Dezza,,164.00,0.00,"1,929.50",164.00,0.00
17 May 2023,Spend Money,Not assigned - HD Delivery to Ariane,,206.00,0.00,"2,135.50",206.00,0.00
20 May 2023,Spend Money,Not assigned - Barebones to T6,,154.00,0.00,"2,289.50",154.00,0.00
20 May 2023,Spend Money,Not assigned - T6 to Galas,,103.00,0.00,"2,392.50",103.00,0.00
31 May 2023,Spend Money,Not assigned - HD Delivery to Ogie,,248.00,0.00,"2,640.50",248.00,0.00
01 Jun 2023,Spend Money,Not assigned - HD Delivery to Noah,,84.00,0.00,"2,724.50",84.00,0.00
06 Jun 2023,Spend Money,Grab,,59.00,0.00,"2,783.50",59.00,0.00
07 Jun 2023,Spend Money,Unknown - Delivery Fee (HD DELIVERY TO BAREBONES),,154.00,0.00,"2,937.50",154.00,0.00
23 Jun 2023,Spend Money,Not assigned - Delivery Fee (HD DELIVERY FROM DEZZA'S PLACE TO T6),,111.00,0.00,"3,048.50",111.00,0.00
24 Jun 2023,Spend Money,Grab,,59.00,0.00,"3,107.50",59.00,0.00
26 Jun 2023,Spend Money,Not assigned - Delivery Fee (HD DELIVERY TO CHE TAGYAMON),,71.00,0.00,"3,178.50",71.00,0.00
30 Jun 2023,Spend Money,Grab,,133.00,0.00,"3,311.50",133.00,0.00
03 Jul 2023,Spend Money,Not assigned - TCPH Drive,,81.00,0.00,"3,392.50",81.00,0.00
08 Jul 2023,Spend Money,APC - Delivery Fee,,85.00,0.00,"3,477.50",85.00,0.00
11 Jul 2023,Payable Invoice,Nard Torres - Delivery Fee,,200.00,0.00,"3,677.50",200.00,0.00
14 Jul 2023,Spend Money,Nard Torres - Delivery Fee Reimbursement ,,711.00,0.00,"4,388.50",711.00,0.00
20 Jul 2023,Spend Money,Grab - Delivery Fee,,59.00,0.00,"4,447.50",59.00,0.00
20 Jul 2023,Spend Money,Keychron Philippines - Delivery Fee,,197.09,0.00,"4,644.59",197.09,0.00
20 Jul 2023,Spend Money,Panasonic - Delivery Fee,,20.41,0.00,"4,665.00",20.41,0.00
20 Jul 2023,Spend Money,PixelPlay - Delivery Fee,,317.00,0.00,"4,982.00",317.00,0.00
20 Jul 2023,Spend Money,Lazada - Delivery Fee,,158.00,0.00,"5,140.00",158.00,0.00
20 Jul 2023,Spend Money,Lazada - Delivery Fee,,0.00,300.00,"4,840.00",(300.00),0.00
26 Jul 2023,Spend Money,Not assigned - HD Delivery to Aymer ,,300.00,0.00,"5,140.00",300.00,0.00
28 Jul 2023,Spend Money,Grab,,54.00,0.00,"5,194.00",54.00,0.00
01 Aug 2023,Spend Money,Lazada - Delivery Fee,,38.00,0.00,"5,232.00",38.00,0.00
03 Aug 2023,Spend Money,Grab - Delivery Fee,,54.00,0.00,"5,286.00",54.00,0.00
10 Aug 2023,Spend Money,Not assigned - HD Delivery to Miko Araneta,Takeshi's Castle PH,72.00,0.00,"5,358.00",72.00,0.00
17 Aug 2023,Spend Money,Grab - Delivery Fee,,49.00,0.00,"5,407.00",49.00,0.00
18 Aug 2023,Spend Money,Lazada - Lazada Delivery,,76.50,0.00,"5,483.50",76.50,0.00
19 Sep 2023,Spend Money,Wesley Yap - Router Delivery Fee,,"4,600.00",0.00,"10,083.50","4,600.00",0.00
27 Sep 2023,Spend Money,Not assigned - Delivery Fee - HD,Drag Den Season 2,253.00,0.00,"10,336.50",253.00,0.00
10 Oct 2023,Spend Money,Not assigned - For T6 Brochure,,311.00,0.00,"10,647.50",311.00,0.00
16 Oct 2023,Spend Money,Marjorie Relador - HD Delivery,Drag Den Season 2,126.00,0.00,"10,773.50",126.00,0.00
24 Oct 2023,Spend Money,Not assigned - Delivery Fee - HD (T6 to Arnex),Drag Den Season 2,53.00,0.00,"10,826.50",53.00,0.00
25 Oct 2023,Spend Money,Not assigned - Delivery Fee - HD (T6 to San Pedro Laguna),Drag Den Season 2,250.00,0.00,"11,076.50",250.00,0.00
15 Nov 2023,Spend Money,"Leila Gonzales - HD Delivery (October 28, 2023)",Drag Den Season 2 ,127.00,0.00,"11,203.50",127.00,0.00
15 Nov 2023,Spend Money,"Leila Gonzales - HD Delivery (October 21, 2023)",Drag Den Season 2,165.00,0.00,"11,368.50",165.00,0.00
15 Nov 2023,Spend Money,"Leila Gonzales - HD Delivery (November 3, 2023)",Drag Den Season 2,62.00,0.00,"11,430.50",62.00,0.00
15 Nov 2023,Spend Money,"Leila Gonzales - HD Delivery (November 9, 2023)",Drag Den Season 2,127.00,0.00,"11,557.50",127.00,0.00
15 Nov 2023,Spend Money,"Marjorie Relador - HD Delivery (October 12, 2023)",Mallari,136.00,0.00,"11,693.50",136.00,0.00
20 Dec 2023,Spend Money,Lalamove - Delivery Fee,Drag Den Season 2,143.00,0.00,"11,836.50",143.00,0.00
29 Dec 2023,Spend Money,"Leila Gonzales - HD Delivery (December 8, 2023)",Zoomers,91.00,0.00,"11,927.50",91.00,0.00
Total Delivery Fee,,,,"12,227.50",300.00,"11,927.50","11,927.50",0.00
,,,,,,,,
Equipment Rental,,,,,,,,
01 Aug 2023,Payable Invoice,Cyril Bautista - Cyril Bautista - Machine Rental (August 2023 - February 2024),Nag-aapoy na Damdamin,"38,500.00",0.00,"38,500.00","38,500.00",0.00
Total Equipment Rental,,,,"38,500.00",0.00,"38,500.00","38,500.00",0.00
,,,,,,,,
Less Accumulated Depreciation on Computer Software,,,,,,,,
Opening Balance,,,,0.00,"23,922.64","(23,922.64)",0.00,0.00
31 Jan 2023,,Depreciation of FA-0010 on 31 Jan 2023.,,0.00,"1,888.14","(25,810.78)","(1,888.14)",0.00
31 Jan 2023,,Depreciation of FA-0072 on 31 Jan 2023.,,0.00,105.41,"(25,916.19)",(105.41),0.00
28 Feb 2023,,Depreciation of FA-0010 on 28 Feb 2023.,,0.00,"1,888.15","(27,804.34)","(1,888.15)",0.00
28 Feb 2023,,Depreciation of FA-0072 on 28 Feb 2023.,,0.00,105.41,"(27,909.75)",(105.41),0.00
31 Mar 2023,,Depreciation of FA-0010 on 31 Mar 2023.,,0.00,"1,888.14","(29,797.89)","(1,888.14)",0.00
31 Mar 2023,,Depreciation of FA-0072 on 31 Mar 2023.,,0.00,105.41,"(29,903.30)",(105.41),0.00
30 Apr 2023,,Depreciation of FA-0010 on 30 Apr 2023.,,0.00,"1,888.15","(31,791.45)","(1,888.15)",0.00
30 Apr 2023,,Depreciation of FA-0072 on 30 Apr 2023.,,0.00,105.41,"(31,896.86)",(105.41),0.00
31 May 2023,,Depreciation of FA-0010 on 31 May 2023.,,0.00,"1,888.14","(33,785.00)","(1,888.14)",0.00
31 May 2023,,Depreciation of FA-0072 on 31 May 2023.,,0.00,105.40,"(33,890.40)",(105.40),0.00
30 Jun 2023,,Depreciation of FA-0010 on 30 Jun 2023.,,0.00,"1,888.15","(35,778.55)","(1,888.15)",0.00
30 Jun 2023,,Depreciation of FA-0072 on 30 Jun 2023.,,0.00,105.41,"(35,883.96)",(105.41),0.00
31 Jul 2023,,Depreciation of FA-0010 on 31 Jul 2023.,,0.00,"1,888.14","(37,772.10)","(1,888.14)",0.00
31 Jul 2023,,Depreciation of FA-0072 on 31 Jul 2023.,,0.00,105.41,"(37,877.51)",(105.41),0.00
31 Aug 2023,,Depreciation of FA-0010 on 31 Aug 2023.,,0.00,"1,888.14","(39,765.65)","(1,888.14)",0.00
31 Aug 2023,,Depreciation of FA-0072 on 31 Aug 2023.,,0.00,105.41,"(39,871.06)",(105.41),0.00
30 Sep 2023,,Depreciation of FA-0010 on 30 Sep 2023.,,0.00,"1,888.15","(41,759.21)","(1,888.15)",0.00
30 Sep 2023,,Depreciation of FA-0072 on 30 Sep 2023.,,0.00,105.41,"(41,864.62)",(105.41),0.00
31 Oct 2023,,Depreciation of FA-0010 on 31 Oct 2023.,,0.00,"1,888.14","(43,752.76)","(1,888.14)",0.00
31 Oct 2023,,Depreciation of FA-0072 on 31 Oct 2023.,,0.00,105.41,"(43,858.17)",(105.41),0.00
30 Nov 2023,,Depreciation of FA-0072 on 30 Nov 2023.,,0.00,105.41,"(43,963.58)",(105.41),0.00
30 Nov 2023,,Depreciation of FA-0010 on 30 Nov 2023.,,0.00,"1,888.15","(45,851.73)","(1,888.15)",0.00
31 Dec 2023,,Depreciation of FA-0010 on 31 Dec 2023.,,0.00,"1,888.14","(47,739.87)","(1,888.14)",0.00
31 Dec 2023,,Depreciation of FA-0072 on 31 Dec 2023.,,0.00,105.41,"(47,845.28)",(105.41),0.00
Total Less Accumulated Depreciation on Computer Software,,,,0.00,"23,922.64","(47,845.28)","(23,922.64)",0.00
Closing Balance,,,,0.00,"47,845.28","(47,845.28)",0.00,0.00
,,,,,,,,
Marketing & Advertising,,,,,,,,
12 Jan 2023,Spend Money,Nard Torres - Marketing Posters Reimbursement,,"3,632.00",0.00,"3,632.00","3,632.00",0.00
26 Jan 2023,Spend Money,Alapaap Printing Solutions Inc. - Business Cards,,"2,710.00",0.00,"6,342.00","2,710.00",0.00
09 Mar 2023,Payable Invoice,"SHIRTGUY Inc. - Black Hoodie Pullover with Zipper
L-2,2XL-1",,"2,940.00",0.00,"9,282.00","2,940.00",0.00
09 Mar 2023,Payable Invoice,SHIRTGUY Inc. - Programming Fee,,500.00,0.00,"9,782.00",500.00,0.00
24 Mar 2023,Payable Invoice,Alfox Printing Services - Large Poster Printing,,771.43,0.00,"10,553.43",864.00,92.57
03 May 2023,Payable Invoice,BlackBox Media - Signage,,"18,000.00",0.00,"28,553.43","18,000.00",0.00
08 May 2023,Payable Invoice,Arlechino Concepts Inc. - Calling Card,France 2023,"1,800.00",0.00,"30,353.43","2,016.00",216.00
08 May 2023,Payable Invoice,Arlechino Concepts Inc. - Brochure,France 2023,"5,000.00",0.00,"35,353.43","5,600.00",600.00
11 May 2023,Payable Invoice,James Recientes - Ref Magnets,Ref Magnets,"1,520.00",0.00,"36,873.43","1,520.00",0.00
29 Jun 2023,Payable Invoice,Alfox Printing Services - Large Poster Printing,,"2,592.00",0.00,"39,465.43","2,592.00",0.00
03 Jul 2023,Payable Invoice,Nard Torres - Frames,,"4,500.00",0.00,"43,965.43","4,500.00",0.00
04 Jul 2023,Spend Money,Nard Torres - Overpayment,,60.00,0.00,"44,025.43",60.00,0.00
06 Jul 2023,Spend Money,"CRIF D-B Philippines, Inc. - CignalTV Prequalification Fee ",,"7,500.00",0.00,"51,525.43","8,400.00",900.00
25 Aug 2023,Payable Invoice,"SHIRTGUY Inc. - Black Hoodie Pullover with Zipper
Embroidery Pocket Size
S-2,M-5,L-11,XL-25,2XL-2",,"40,500.00",0.00,"92,025.43","40,500.00",0.00
25 Aug 2023,Payable Invoice,"SHIRTGUY Inc. - Black Roundneck Shirt
Embroidery Pocket Size
L-10",,"4,000.00",0.00,"96,025.43","4,000.00",0.00
26 Aug 2023,Spend Money,Welcome Worldwide Inc. - Client Gift,,"8,482.14",0.00,"104,507.57","9,500.00","1,017.86"
30 Aug 2023,Payable Invoice,Alfox Printing Services - Large Poster Printing,,771.43,0.00,"105,279.00",864.00,92.57
18 Sep 2023,Spend Money,Nard Torres - Marketing Posters Reimbursement,,432.00,0.00,"105,711.00",432.00,0.00
24 Oct 2023,Payable Invoice,Orange Segment Print & Design Studio - Poster Printing,,642.86,0.00,"106,353.86",720.00,77.14
22 Dec 2023,Spend Money,Project 8 Projects - Christmas 2023 Solicitation,,"20,000.00",0.00,"126,353.86","20,000.00",0.00
Total Marketing & Advertising,,,,"126,353.86",0.00,"126,353.86","129,350.00","2,996.14"
,,,,,,,,
Medical Expense,,,,,,,,
08 Feb 2023,Spend Money,Mercury Drug Corporation,,338.17,0.00,338.17,378.75,40.58
26 Jun 2023,Spend Money,Mercury Drug Corporation,,46.43,0.00,384.60,52.00,5.57
18 Jul 2023,Spend Money,Mercury Drug Corporation,,32.50,0.00,417.10,32.50,0.00
23 Aug 2023,Spend Money,GFamily Pharmacy,,545.50,0.00,962.60,545.50,0.00
08 Sep 2023,Spend Money,Mercury Drug Corporation - Solmux,,110.00,0.00,"1,072.60",110.00,0.00
Total Medical Expense,,,,"1,072.60",0.00,"1,072.60","1,118.75",46.15
,,,,,,,,
Miscellaneous Expense,,,,,,,,
31 May 2023,Spend Money,SSS - April 2023 Cordova SSS Loan,,28.79,0.00,28.79,28.79,0.00
31 Jul 2023,Spend Money,SSS - Transaction Fee,,10.00,0.00,38.79,10.00,0.00
30 Nov 2023,Spend Money,Not assigned,,"10,000.00",0.00,"10,038.79","10,000.00",0.00
30 Nov 2023,Receive Money,Not assigned,,0.00,"10,000.00",38.79,"(10,000.00)",0.00
15 Dec 2023,Spend Money,Noemi Paguiligan - Error,,"22,500.00",0.00,"22,538.79","22,500.00",0.00
15 Dec 2023,Receive Money,Noemi Paguiligan,,0.00,"22,500.00",38.79,"(22,500.00)",0.00
15 Dec 2023,Spend Money,Noemi Paguiligan,,"22,500.00",0.00,"22,538.79","22,500.00",0.00
15 Dec 2023,Receive Money,Noemi Paguiligan,,0.00,"22,500.00",38.79,"(22,500.00)",0.00
18 Dec 2023,Spend Money,Noemi Paguiligan,,"40,000.00",0.00,"40,038.79","40,000.00",0.00
18 Dec 2023,Receive Money,Noemi Paguiligan,,0.00,"40,000.00",38.79,"(40,000.00)",0.00
22 Dec 2023,Spend Money,SSS - Service Fee,,10.00,0.00,48.79,10.00,0.00
29 Dec 2023,Spend Money,Noemi Paguiligan,,"22,500.00",0.00,"22,548.79","22,500.00",0.00
29 Dec 2023,Receive Money,Noemi Paguiligan,,0.00,"22,500.00",48.79,"(22,500.00)",0.00
Total Miscellaneous Expense,,,,"117,548.79","117,500.00",48.79,48.79,0.00
,,,,,,,,
Office Expense - Events/Parties,,,,,,,,
19 Jan 2023,Spend Money,"Ancecar Specialty Foods, Inc.",,945.00,0.00,945.00,945.00,0.00
31 Jan 2023,Spend Money,Amber Golden Bowl Restaurant Corp.,,"1,675.00",0.00,"2,620.00","1,675.00",0.00
07 Feb 2023,Spend Money,Starbucks - Drinks,,"3,334.00",0.00,"5,954.00","3,334.00",0.00
15 Feb 2023,Spend Money,Dulce Cupcakes Corp.,,525.00,0.00,"6,479.00",588.00,63.00
22 Mar 2023,Spend Money,"Ancecar Specialty Foods, Inc.",,713.62,0.00,"7,192.62",799.25,85.63
29 Aug 2023,Spend Money,Dulce Cupcakes Corp. - Jason's Birthday,,556.25,0.00,"7,748.87",623.00,66.75
01 Oct 2023,Payable Invoice,Gener Cafe - Venue ,Anniversary 2023,"25,000.00",0.00,"32,748.87","25,000.00",0.00
05 Oct 2023,Spend Money,Kareila Management Corp - Conference & Events,Anniversary 2023,"42,446.00",0.00,"75,194.87","42,446.00",0.00
06 Oct 2023,Spend Money,Not assigned - Various Expenses,Anniversary 2023,"67,500.00",0.00,"142,694.87","67,500.00",0.00
06 Oct 2023,Spend Money,Borro - Office Meals,Anniversary 2023,"23,267.14",0.00,"165,962.01","23,267.14",0.00
12 Dec 2023,Spend Money,ESPINOSA FRANCHISES INC. - Cake for Kobi,,789.00,0.00,"166,751.01",789.00,0.00
15 Dec 2023,Spend Money,RUSTAN COFFEE CORP - Gift Certificates - Raffle Prize ,,"2,000.00",0.00,"168,751.01","2,000.00",0.00
16 Dec 2023,Spend Money,SM Store Fairview - Raffle Prizes,,"13,286.50",0.00,"182,037.51","13,286.50",0.00
17 Dec 2023,Spend Money,Kareila Management Corp,,"13,693.00",0.00,"195,730.51","13,693.00",0.00
18 Dec 2023,Spend Money,HI-TOP SUPERMART INC. - Groceries and Raffle,,"6,100.31",0.00,"201,830.82","6,832.35",732.04
18 Dec 2023,Spend Money,Not assigned - Tricycle T6 to Hitop,,35.00,0.00,"201,865.82",35.00,0.00
18 Dec 2023,Spend Money,Not assigned - Taxi Hitop to T6,,200.00,0.00,"202,065.82",200.00,0.00
18 Dec 2023,Spend Money,Not assigned - Taxi SM to T6,,314.00,0.00,"202,379.82",314.00,0.00
18 Dec 2023,Spend Money,Not assigned - Tip to Hitop Assistant,,60.00,0.00,"202,439.82",60.00,0.00
18 Dec 2023,Spend Money,Not assigned - Game Prizes,,"2,300.00",0.00,"204,739.82","2,300.00",0.00
18 Dec 2023,Spend Money,Manila Pink Kitchen - Food,,"7,950.00",0.00,"212,689.82","7,950.00",0.00
18 Dec 2023,Spend Money,Lola Idang's Original Pancit Malabon - Food,,"1,892.00",0.00,"214,581.82","1,892.00",0.00
18 Dec 2023,Spend Money,Frasa Food Corp. - Meals,,"2,430.00",0.00,"217,011.82","2,430.00",0.00
18 Dec 2023,Spend Money,Grab,,"2,481.00",0.00,"219,492.82","2,481.00",0.00
18 Dec 2023,Spend Money,Grab,,"1,659.00",0.00,"221,151.82","1,659.00",0.00
18 Dec 2023,Spend Money,Not assigned - Office Party,Christmas Party 2023,100.00,0.00,"221,251.82",100.00,0.00
18 Dec 2023,Spend Money,Not assigned - Transportation,,493.50,0.00,"221,745.32",493.50,0.00
18 Dec 2023,Spend Money,FNC - Nathaniel's Foods Corporatio,,"2,385.00",0.00,"224,130.32","2,385.00",0.00
19 Dec 2023,Spend Money,Tropical Poolhouse QC - Venue for Christmas Party,,"26,000.00",0.00,"250,130.32","26,000.00",0.00
19 Dec 2023,Spend Money,Not assigned - Photobooth,,"3,500.00",0.00,"253,630.32","3,500.00",0.00
19 Dec 2023,Spend Money,Golden Arches Development Corporation,,939.00,0.00,"254,569.32",939.00,0.00
Total Office Expense - Events/Parties,,,,"254,569.32",0.00,"254,569.32","255,516.74",947.42
,,,,,,,,
Office Expense - Gas & Fuel,,,,,,,,
04 Jan 2023,Spend Money,Petron Corporation,,141.16,0.00,141.16,141.16,0.00
12 Jan 2023,Spend Money,RSB VENTURES INC. - Gas,,200.00,0.00,341.16,200.00,0.00
16 Jan 2023,Spend Money,RSB VENTURES INC. - Gas,,150.00,0.00,491.16,150.00,0.00
19 Jan 2023,Spend Money,RSB VENTURES INC. - Gas,,200.00,0.00,691.16,200.00,0.00
23 Jan 2023,Spend Money,RSB VENTURES INC. - Gas,,100.00,0.00,791.16,100.00,0.00
25 Jan 2023,Spend Money,RSB VENTURES INC. - Gas,,275.20,0.00,"1,066.36",275.20,0.00
31 Jan 2023,Spend Money,RSB VENTURES INC. - Gas,,200.00,0.00,"1,266.36",200.00,0.00
09 Feb 2023,Spend Money,Petron,,"2,910.09",0.00,"4,176.45","2,910.09",0.00
10 Feb 2023,Spend Money,East Ave Petron Service Center Corp,,267.86,0.00,"4,444.31",300.00,32.14
16 Feb 2023,Spend Money,Pergasons Gasonline Station,,267.86,0.00,"4,712.17",300.00,32.14
21 Feb 2023,Spend Money,"Mapletree Holdings, Inc.",,294.85,0.00,"5,007.02",330.23,35.38
28 Feb 2023,Spend Money,Value Plus Service Center,,89.29,0.00,"5,096.31",100.00,10.71
02 Mar 2023,Spend Money,RSB VENTURES INC. - Gas,,250.52,0.00,"5,346.83",280.58,30.06
07 Mar 2023,Spend Money,RSB VENTURES INC. - Gas,,259.25,0.00,"5,606.08",290.36,31.11
10 Mar 2023,Spend Money,RSB VENTURES INC. - Gas,,223.21,0.00,"5,829.29",250.00,26.79
13 Mar 2023,Spend Money,RSB VENTURES INC. - Gas,,178.57,0.00,"6,007.86",200.00,21.43
17 Mar 2023,Spend Money,RSB VENTURES INC. - Gas,,178.57,0.00,"6,186.43",200.00,21.43
20 Mar 2023,Spend Money,RSB VENTURES INC. - Gas,,196.52,0.00,"6,382.95",220.10,23.58
22 Mar 2023,Spend Money,RSB VENTURES INC. - Gas,,107.14,0.00,"6,490.09",120.00,12.86
23 Mar 2023,Spend Money,RSB VENTURES INC. - Gas,,89.29,0.00,"6,579.38",100.00,10.71
27 Mar 2023,Spend Money,RSB Ventures Inc.,,107.14,0.00,"6,686.52",120.00,12.86
28 Mar 2023,Spend Money,RSB VENTURES INC. - Gas,,107.14,0.00,"6,793.66",120.00,12.86
29 Mar 2023,Spend Money,RSB VENTURES INC. - Gas,,107.14,0.00,"6,900.80",120.00,12.86
30 Mar 2023,Spend Money,RSB VENTURES INC. - Gas,,107.14,0.00,"7,007.94",120.00,12.86
03 Apr 2023,Spend Money,RSB Ventures Inc. - Gas,,89.29,0.00,"7,097.23",100.00,10.71
18 Apr 2023,Spend Money,RSB Ventures Inc. - Gas,,294.86,0.00,"7,392.09",330.24,35.38
26 Apr 2023,Spend Money,RSB Ventures Inc. - Gas,,125.00,0.00,"7,517.09",140.00,15.00
27 Apr 2023,Spend Money,RSB Ventures Inc. - Gas,,107.14,0.00,"7,624.23",120.00,12.86
03 May 2023,Spend Money,RSB Ventures Inc. - Gas,,89.29,0.00,"7,713.52",100.00,10.71
09 May 2023,Spend Money,RSB Ventures Inc. - Gas,,89.29,0.00,"7,802.81",100.00,10.71
11 May 2023,Spend Money,RSB Ventures Inc. - Gas,,89.29,0.00,"7,892.10",100.00,10.71
13 May 2023,Spend Money,RSB Ventures Inc. - Gas,,89.29,0.00,"7,981.39",100.00,10.71
17 May 2023,Spend Money,RSB Ventures Inc. - Gas,,133.93,0.00,"8,115.32",150.00,16.07
19 May 2023,Spend Money,RGA Service Station,,133.93,0.00,"8,249.25",150.00,16.07
20 May 2023,Spend Money,RSB Ventures Inc. - Gas,,133.93,0.00,"8,383.18",150.00,16.07
23 May 2023,Spend Money,RSB Ventures Inc. - Gas,,89.29,0.00,"8,472.47",100.00,10.71
24 May 2023,Spend Money,RGA Service Station,,133.93,0.00,"8,606.40",150.00,16.07
30 May 2023,Spend Money,Ultra X Petron Service Center - Gas,,151.79,0.00,"8,758.19",170.00,18.21
06 Jun 2023,Spend Money,RSB VENTURES INC. - Gas,,150.00,0.00,"8,908.19",150.00,0.00
06 Jun 2023,Spend Money,RSB VENTURES INC. - Gas,,370.00,0.00,"9,278.19",370.00,0.00
15 Jun 2023,Spend Money,RSB Ventures Inc. - Gas,,89.29,0.00,"9,367.48",100.00,10.71
22 Jun 2023,Spend Money,RSB VENTURES INC. - Gas,,150.00,0.00,"9,517.48",150.00,0.00
27 Jun 2023,Spend Money,RSB VENTURES INC. - Gas,,150.00,0.00,"9,667.48",150.00,0.00
30 Jun 2023,Spend Money,RSB VENTURES INC. - Gas,,60.00,0.00,"9,727.48",60.00,0.00
04 Jul 2023,Spend Money,Petron Corporation - Gas,,133.93,0.00,"9,861.41",150.00,16.07
07 Jul 2023,Spend Money,Stellar DV Sales International Inc. - Gas,,178.57,0.00,"10,039.98",200.00,21.43
18 Jul 2023,Spend Money,RSB Ventures Inc. - Gas,,133.94,0.00,"10,173.92",150.01,16.07
24 Jul 2023,Spend Money,RSB Ventures Inc. - Gas,,89.29,0.00,"10,263.21",100.00,10.71
28 Jul 2023,Spend Money,RSB Ventures Inc. - Gas,,133.93,0.00,"10,397.14",150.00,16.07
31 Jul 2023,Spend Money,RPB Gas Station OPC,,178.57,0.00,"10,575.71",200.00,21.43
01 Aug 2023,Spend Money,Ultra X Petron Service Center - Gas,,89.29,0.00,"10,665.00",100.00,10.71
03 Aug 2023,Spend Money,Richstar Fuel Station Company - Gas,,178.57,0.00,"10,843.57",200.00,21.43
05 Aug 2023,Spend Money,"Fossil Fuels, Incorporation - Gas",,223.21,0.00,"11,066.78",250.00,26.79
07 Aug 2023,Spend Money,Magallanes Management Corp. - Gas - Messenger,Cinemalaya 2023,178.57,0.00,"11,245.35",200.00,21.43
09 Aug 2023,Spend Money,Eugene Delacruz,,"1,000.00",0.00,"12,245.35","1,000.00",0.00
10 Aug 2023,Spend Money,RILLERA'S GAS STATION - Gas,,133.93,0.00,"12,379.28",150.00,16.07
12 Aug 2023,Spend Money,Pook Ligaya Shell Inc. - Gas,,133.93,0.00,"12,513.21",150.00,16.07
22 Aug 2023,Spend Money,RGA Service Station - Gas,,178.57,0.00,"12,691.78",200.00,21.43
25 Aug 2023,Spend Money,RILLERA'S GAS STATION - Gas,,89.29,0.00,"12,781.07",100.00,10.71
29 Aug 2023,Spend Money,RSB Ventures Inc. - Gas,,133.93,0.00,"12,915.00",150.00,16.07
31 Aug 2023,Spend Money,Cris Bringas - Reimbursement Cinemalaya 2023,,"2,000.00",0.00,"14,915.00","2,000.00",0.00
31 Aug 2023,Spend Money,RSB Ventures Inc. - Gas,,178.57,0.00,"15,093.57",200.00,21.43
13 Sep 2023,Spend Money,RSB Ventures Inc. - Gas,,178.57,0.00,"15,272.14",200.00,21.43
15 Sep 2023,Spend Money,Petron Corporation - Gas,,89.29,0.00,"15,361.43",100.00,10.71
20 Sep 2023,Spend Money,Petron Corporation - Gas,,178.57,0.00,"15,540.00",200.00,21.43
23 Sep 2023,Spend Money,RSB Ventures Inc. - Gas,,178.57,0.00,"15,718.57",200.00,21.43
26 Sep 2023,Spend Money,Stellar DV Sales International Inc. - Gas,,178.57,0.00,"15,897.14",200.00,21.43
29 Sep 2023,Spend Money,RGA Service Station - Gas,,178.57,0.00,"16,075.71",200.00,21.43
03 Oct 2023,Spend Money,Mindanao Avenue Servicenter,,178.57,0.00,"16,254.28",200.00,21.43
05 Oct 2023,Spend Money,RSB Ventures Inc. - Gas,,223.21,0.00,"16,477.49",250.00,26.79
10 Oct 2023,Spend Money,The Legenda Shell Station - Gas,,178.58,0.00,"16,656.07",200.01,21.43
19 Oct 2023,Spend Money,RSB Ventures Inc. - Gas,,89.29,0.00,"16,745.36",100.00,10.71
24 Oct 2023,Spend Money,RSB Ventures Inc. - Gas,,89.29,0.00,"16,834.65",100.00,10.71
04 Nov 2023,Spend Money,RSB Ventures Inc. - Gas,,133.93,0.00,"16,968.58",150.00,16.07
07 Nov 2023,Spend Money,RSB Ventures Inc. - Gas,,133.93,0.00,"17,102.51",150.00,16.07
08 Nov 2023,Spend Money,RSB Ventures Inc. - Gas,,89.29,0.00,"17,191.80",100.00,10.71
13 Nov 2023,Spend Money,RSB Ventures Inc. - Gas,,133.93,0.00,"17,325.73",150.00,16.07
17 Nov 2023,Spend Money,RSB Ventures Inc. - Gas,,133.93,0.00,"17,459.66",150.00,16.07
21 Nov 2023,Spend Money,RSB Ventures Inc. - Gas,,89.29,0.00,"17,548.95",100.00,10.71
23 Nov 2023,Spend Money,RSB Ventures Inc. - Gas,,89.29,0.00,"17,638.24",100.00,10.71
25 Nov 2023,Spend Money,RSB Ventures Inc. - Gas,,178.57,0.00,"17,816.81",200.00,21.43
30 Nov 2023,Spend Money,RSB Ventures Inc. - Gas,,89.29,0.00,"17,906.10",100.00,10.71
02 Dec 2023,Spend Money,SMH - TM Gasoline Station - Gas,,89.29,0.00,"17,995.39",100.00,10.71
06 Dec 2023,Spend Money,RSB Ventures Inc. - Gas,,89.29,0.00,"18,084.68",100.00,10.71
07 Dec 2023,Spend Money,RSB Ventures Inc. - Gas,,133.93,0.00,"18,218.61",150.00,16.07
09 Dec 2023,Spend Money,RSB Ventures Inc. - Gas,,326.79,0.00,"18,545.40",366.00,39.21
12 Dec 2023,Spend Money,RSB Ventures Inc. - Gas,,89.29,0.00,"18,634.69",100.00,10.71
13 Dec 2023,Spend Money,RSB Ventures Inc. - Gas,,107.14,0.00,"18,741.83",120.00,12.86
14 Dec 2023,Spend Money,RSB Ventures Inc. - Gas,,89.29,0.00,"18,831.12",100.00,10.71
20 Dec 2023,Spend Money,RSB Ventures Inc. - Gas,,178.57,0.00,"19,009.69",200.00,21.43
21 Dec 2023,Spend Money,RSB Ventures Inc. - Gas,,133.93,0.00,"19,143.62",150.00,16.07
27 Dec 2023,Spend Money,RSB Ventures Inc. - Gas,,89.29,0.00,"19,232.91",100.00,10.71
Total Office Expense - Gas & Fuel,,,,"19,232.91",0.00,"19,232.91","20,573.98","1,341.07"
,,,,,,,,
Office Expense - Meals,,,,,,,,
03 Jan 2023,Spend Money,Not assigned - Meals,,750.00,0.00,750.00,750.00,0.00
04 Jan 2023,Spend Money,Marideth M. Cana Rice Store - Rice,,"1,200.00",0.00,"1,950.00","1,200.00",0.00
04 Jan 2023,Spend Money,Not assigned - Meals,,590.00,0.00,"2,540.00",590.00,0.00
04 Jan 2023,Spend Money,Litson Corporatio,,321.43,0.00,"2,861.43",360.00,38.57
05 Jan 2023,Spend Money,Not assigned - Meals,,710.00,0.00,"3,571.43",710.00,0.00
06 Jan 2023,Spend Money,Not assigned - Meals,,670.00,0.00,"4,241.43",670.00,0.00
06 Jan 2023,Spend Money,JAMBOREE EXPRESSLANE MINIMART,,27.00,0.00,"4,268.43",27.00,0.00
07 Jan 2023,Spend Money,Not assigned - Meals,,680.00,0.00,"4,948.43",680.00,0.00
07 Jan 2023,Spend Money,Lira Purified Water Station - Water,,142.86,0.00,"5,091.29",160.00,17.14
08 Jan 2023,Spend Money,Wermel Cordova - Meal Reimbursement,,100.00,0.00,"5,191.29",100.00,0.00
09 Jan 2023,Spend Money,Not assigned - Meals,,"4,000.00",0.00,"9,191.29","4,000.00",0.00
10 Jan 2023,Spend Money,Not assigned - Meals,,120.00,0.00,"9,311.29",120.00,0.00
10 Jan 2023,Spend Money,Marjorie Relador - Meals,,150.00,0.00,"9,461.29",150.00,0.00
11 Jan 2023,Spend Money,Perf Restaurants Inc.,,516.00,0.00,"9,977.29",516.00,0.00
11 Jan 2023,Spend Money,Marjorie Relador,,150.00,0.00,"10,127.29",150.00,0.00
12 Jan 2023,Spend Money,Marjorie Relador,,150.00,0.00,"10,277.29",150.00,0.00
13 Jan 2023,Spend Money,Lira Purified Water Station - Water,,142.86,0.00,"10,420.15",160.00,17.14
14 Jan 2023,Spend Money,Not assigned - Meals,,420.00,0.00,"10,840.15",420.00,0.00
14 Jan 2023,Spend Money,Marjorie Relador - MEALS,,150.00,0.00,"10,990.15",150.00,0.00
16 Jan 2023,Spend Money,Not assigned - Meals,,780.00,0.00,"11,770.15",780.00,0.00
16 Jan 2023,Spend Money,JAMBOREE EXPRESSLANE MINIMART,,91.00,0.00,"11,861.15",91.00,0.00
17 Jan 2023,Spend Money,Not assigned - Meals,,"3,000.00",0.00,"14,861.15","3,000.00",0.00
19 Jan 2023,Spend Money,Marjorie Relador,,150.00,0.00,"15,011.15",150.00,0.00
20 Jan 2023,Spend Money,Lira Purified Water Station - Water,,150.00,0.00,"15,161.15",150.00,0.00
20 Jan 2023,Spend Money,Marjorie Relador - MEALS,,150.00,0.00,"15,311.15",150.00,0.00
23 Jan 2023,Spend Money,Not assigned - Meals,,690.00,0.00,"16,001.15",690.00,0.00
24 Jan 2023,Spend Money,Not assigned - Meals,,770.00,0.00,"16,771.15",770.00,0.00
24 Jan 2023,Spend Money,Marithe Grilled Chicken,,285.00,0.00,"17,056.15",285.00,0.00
24 Jan 2023,Spend Money,Marjorie Relador,,150.00,0.00,"17,206.15",150.00,0.00
25 Jan 2023,Spend Money,Zenith Holdings Corporation,,668.00,0.00,"17,874.15",668.00,0.00
25 Jan 2023,Spend Money,Marjorie Relador,,150.00,0.00,"18,024.15",150.00,0.00
26 Jan 2023,Spend Money,Marideth M. Cana Rice Store - Rice,,"1,200.00",0.00,"19,224.15","1,200.00",0.00
27 Jan 2023,Spend Money,Quisinet Food Express Co,,539.00,0.00,"19,763.15",539.00,0.00
28 Jan 2023,Spend Money,Marjorie Relador,,150.00,0.00,"19,913.15",150.00,0.00
30 Jan 2023,Spend Money,Not assigned - Meals,,750.00,0.00,"20,663.15",750.00,0.00
30 Jan 2023,Spend Money,Lira Purified Water Station - Water,,140.00,0.00,"20,803.15",140.00,0.00
30 Jan 2023,Spend Money,Marithe Grilled Chicken,,570.00,0.00,"21,373.15",570.00,0.00
30 Jan 2023,Spend Money,Marjorie Relador,,150.00,0.00,"21,523.15",150.00,0.00
31 Jan 2023,Spend Money,Not assigned - Meals,,660.00,0.00,"22,183.15",660.00,0.00
01 Feb 2023,Spend Money,Wermel Cordova - Meal Reimbursement,,100.00,0.00,"22,283.15",100.00,0.00
01 Feb 2023,Spend Money,Marjorie Relador - Meal Reimbursement,,150.00,0.00,"22,433.15",150.00,0.00
01 Feb 2023,Spend Money,Manokoloco Grill,,930.00,0.00,"23,363.15",930.00,0.00
01 Feb 2023,Spend Money,"FIESTA FOOD & BEVERAGE MASTERS, INC.",,950.00,0.00,"24,313.15","1,064.00",114.00
02 Feb 2023,Spend Money,Marjorie Relador - Meal Reimbursement,,150.00,0.00,"24,463.15",150.00,0.00
02 Feb 2023,Spend Money,Not assigned,,680.00,0.00,"25,143.15",680.00,0.00
03 Feb 2023,Spend Money,Ohyas Kitchenette,,620.00,0.00,"25,763.15",620.00,0.00
04 Feb 2023,Spend Money,Not assigned,,400.00,0.00,"26,163.15",400.00,0.00
06 Feb 2023,Spend Money,Lira Purified Water Station - Water,,174.11,0.00,"26,337.26",195.00,20.89
06 Feb 2023,Spend Money,Not assigned,,680.00,0.00,"27,017.26",680.00,0.00
06 Feb 2023,Spend Money,EDKAM FOOD VENTURES INC. - MEALS,,81.25,0.00,"27,098.51",91.00,9.75
07 Feb 2023,Spend Money,Not assigned,,820.00,0.00,"27,918.51",820.00,0.00
08 Feb 2023,Spend Money,Not assigned - Meal Reimbursement,,100.00,0.00,"28,018.51",100.00,0.00
08 Feb 2023,Spend Money,Not assigned,,840.00,0.00,"28,858.51",840.00,0.00
09 Feb 2023,Spend Money,Not assigned,,785.00,0.00,"29,643.51",785.00,0.00
10 Feb 2023,Spend Money,Manokoloco Grill,,930.00,0.00,"30,573.51",930.00,0.00
10 Feb 2023,Spend Money,HI-TOP SUPERMART INC. - Groceries,,862.72,0.00,"31,436.23",966.25,103.53
11 Feb 2023,Spend Money,Lira Purified Water Station - Water,,156.25,0.00,"31,592.48",175.00,18.75
13 Feb 2023,Spend Money,"FIESTA FOOD & BEVERAGE MASTERS, INC.",,833.04,0.00,"32,425.52",933.00,99.96
13 Feb 2023,Spend Money,PIZZA EXCELLENTE PREMIUM GROUP,,"1,079.46",0.00,"33,504.98","1,209.00",129.54
14 Feb 2023,Spend Money,Marjorie Relador - Meal Reimbursement,,150.00,0.00,"33,654.98",150.00,0.00
14 Feb 2023,Spend Money,Not assigned,,600.00,0.00,"34,254.98",600.00,0.00
15 Feb 2023,Spend Money,Wermel Cordova - Meal Reimbursement,,100.00,0.00,"34,354.98",100.00,0.00
15 Feb 2023,Spend Money,Philippine Seven Corporatio,,300.00,0.00,"34,654.98",336.00,36.00
15 Feb 2023,Spend Money,Not assigned,,"1,330.00",0.00,"35,984.98","1,330.00",0.00
16 Feb 2023,Spend Money,Marjorie Relador - Meal Reimbursement,,150.00,0.00,"36,134.98",150.00,0.00
16 Feb 2023,Spend Money,Manokoloco Grill,,590.00,0.00,"36,724.98",590.00,0.00
17 Feb 2023,Spend Money,Lira Purified Water Station - Water,,125.00,0.00,"36,849.98",140.00,15.00
17 Feb 2023,Spend Money,Marjorie Relador - Meal Reimbursement,,150.00,0.00,"36,999.98",150.00,0.00
17 Feb 2023,Spend Money,"Grantline, Inc.",,533.93,0.00,"37,533.91",598.00,64.07
17 Feb 2023,Spend Money,Not assigned,,360.00,0.00,"37,893.91",360.00,0.00
18 Feb 2023,Spend Money,Marjorie Relador - Meal Reimbursement,,150.00,0.00,"38,043.91",150.00,0.00
20 Feb 2023,Spend Money,Grab,,"1,364.00",0.00,"39,407.91","1,364.00",0.00
20 Feb 2023,Spend Money,Marjorie Relador - Meal Reimbursement,,150.00,0.00,"39,557.91",150.00,0.00
20 Feb 2023,Spend Money,Not assigned,,420.00,0.00,"39,977.91",420.00,0.00
20 Feb 2023,Spend Money,Not assigned,,112.00,0.00,"40,089.91",112.00,0.00
21 Feb 2023,Spend Money,Marjorie Relador - MEALS,,150.00,0.00,"40,239.91",150.00,0.00
21 Feb 2023,Spend Money,Not assigned,,705.00,0.00,"40,944.91",705.00,0.00
22 Feb 2023,Spend Money,Lira Purified Water Station - Water,,93.75,0.00,"41,038.66",105.00,11.25
22 Feb 2023,Spend Money,Marjorie Relador - Meal Reimbursement,,150.00,0.00,"41,188.66",150.00,0.00
22 Feb 2023,Spend Money,Not assigned,,145.00,0.00,"41,333.66",145.00,0.00
22 Feb 2023,Spend Money,Not assigned,,605.00,0.00,"41,938.66",605.00,0.00
23 Feb 2023,Spend Money,Marjorie Relador - Meal Reimbursement,,150.00,0.00,"42,088.66",150.00,0.00
23 Feb 2023,Spend Money,Not assigned,,"1,250.00",0.00,"43,338.66","1,250.00",0.00
23 Feb 2023,Spend Money,Not assigned,,630.00,0.00,"43,968.66",630.00,0.00
24 Feb 2023,Spend Money,Grab,,"1,104.00",0.00,"45,072.66","1,104.00",0.00
24 Feb 2023,Spend Money,Marjorie Relador - Meal Reimbursement,,150.00,0.00,"45,222.66",150.00,0.00
24 Feb 2023,Spend Money,Northstar Grill And Gourmet Corporation,,412.50,0.00,"45,635.16",462.00,49.50
25 Feb 2023,Spend Money,Northstar Grill And Gourmet Corporation,,412.50,0.00,"46,047.66",462.00,49.50
27 Feb 2023,Spend Money,Marjorie Relador - Meal Reimbursement,,150.00,0.00,"46,197.66",150.00,0.00
27 Feb 2023,Spend Money,World Inasal Empire Inc. - Meals,,450.00,0.00,"46,647.66",504.00,54.00
27 Feb 2023,Spend Money,Not assigned,,410.00,0.00,"47,057.66",410.00,0.00
28 Feb 2023,Spend Money,Not assigned,,630.00,0.00,"47,687.66",630.00,0.00
28 Feb 2023,Spend Money,Not assigned,,146.00,0.00,"47,833.66",146.00,0.00
01 Mar 2023,Spend Money,Lira Purified Water Station - Water,,107.14,0.00,"47,940.80",120.00,12.86
01 Mar 2023,Spend Money,Not assigned - Lunch/Dinner,,595.00,0.00,"48,535.80",595.00,0.00
01 Mar 2023,Spend Money,Marjorie Relador - Meal Reimbursement,,150.00,0.00,"48,685.80",150.00,0.00
01 Mar 2023,Spend Money,PAN DE MANILA FOOD CO INC.,,111.64,0.00,"48,797.44",125.04,13.40
01 Mar 2023,Spend Money,Jamboree Expresslane Minimart,,40.63,0.00,"48,838.07",45.50,4.87
02 Mar 2023,Spend Money,Not assigned,,92.00,0.00,"48,930.07",92.00,0.00
02 Mar 2023,Spend Money,Not assigned - Lunch/Dinner,,505.00,0.00,"49,435.07",505.00,0.00
02 Mar 2023,Spend Money,Marjorie Relador - Meal Reimbursement,,150.00,0.00,"49,585.07",150.00,0.00
03 Mar 2023,Spend Money,Marjorie Relador - Meal Reimbursement,,150.00,0.00,"49,735.07",150.00,0.00
03 Mar 2023,Spend Money,Marithe Grilled Chicken,,570.00,0.00,"50,305.07",570.00,0.00
04 Mar 2023,Spend Money,Not assigned - Lunch/Dinner,,330.00,0.00,"50,635.07",330.00,0.00
04 Mar 2023,Spend Money,Marjorie Relador - Meal Reimbursement,,150.00,0.00,"50,785.07",150.00,0.00
05 Mar 2023,Spend Money,Wermel Cordova - Meal Reimbursement,,100.00,0.00,"50,885.07",100.00,0.00
06 Mar 2023,Spend Money,Not assigned - Lunch/Dinner,,330.00,0.00,"51,215.07",330.00,0.00
06 Mar 2023,Spend Money,Marithe Grilled Chicken,,285.00,0.00,"51,500.07",285.00,0.00
07 Mar 2023,Spend Money,Not assigned - Lunch/Dinner,,690.00,0.00,"52,190.07",690.00,0.00
07 Mar 2023,Spend Money,Lira Purified Water Station - Water,,98.21,0.00,"52,288.28",110.00,11.79
08 Mar 2023,Spend Money,Not assigned - Lunch/Dinner,,660.00,0.00,"52,948.28",660.00,0.00
08 Mar 2023,Spend Money,Marjorie Relador - Meal Reimbursement,,150.00,0.00,"53,098.28",150.00,0.00
08 Mar 2023,Spend Money,Marjorie Relador - Meal Reimbursement,,150.00,0.00,"53,248.28",150.00,0.00
09 Mar 2023,Spend Money,Not assigned - Lunch/Dinner,,690.00,0.00,"53,938.28",690.00,0.00
09 Mar 2023,Spend Money,Not assigned,,500.00,0.00,"54,438.28",500.00,0.00
09 Mar 2023,Spend Money,Marjorie Relador - Meal Reimbursement,,150.00,0.00,"54,588.28",150.00,0.00
09 Mar 2023,Spend Money,Jamboree Expresslane Minimart,,40.62,0.00,"54,628.90",45.49,4.87
10 Mar 2023,Spend Money,Not assigned - Lunch/Dinner,,650.00,0.00,"55,278.90",650.00,0.00
10 Mar 2023,Spend Money,Lira Purified Water Station - Water,,98.21,0.00,"55,377.11",110.00,11.79
11 Mar 2023,Spend Money,Marjorie Relador - Meal Reimbursement,,150.00,0.00,"55,527.11",150.00,0.00
11 Mar 2023,Spend Money,Noemi Paguiligan - Meal Reimbursement,,100.00,0.00,"55,627.11",100.00,0.00
13 Mar 2023,Spend Money,Not assigned - Lunch/Dinner,,680.00,0.00,"56,307.11",680.00,0.00
14 Mar 2023,Spend Money,Not assigned - Lunch/Dinner,,640.00,0.00,"56,947.11",640.00,0.00
14 Mar 2023,Spend Money,Marjorie Relador - Meal Reimbursement,,150.00,0.00,"57,097.11",150.00,0.00
14 Mar 2023,Spend Money,Marjorie Relador - Meal Reimbursement,,150.00,0.00,"57,247.11",150.00,0.00
14 Mar 2023,Spend Money,Jamboree Expresslane Minimart - Pantry Supplies,,89.73,0.00,"57,336.84",100.50,10.77
14 Mar 2023,Spend Money,Not assigned,,"1,048.00",0.00,"58,384.84","1,048.00",0.00
15 Mar 2023,Spend Money,Not assigned - Lunch/Dinner,,630.00,0.00,"59,014.84",630.00,0.00
15 Mar 2023,Spend Money,Wermel Cordova - Meal Reimbursement,,100.00,0.00,"59,114.84",100.00,0.00
16 Mar 2023,Spend Money,Lira Purified Water Station - Water,,133.93,0.00,"59,248.77",150.00,16.07
16 Mar 2023,Spend Money,"Manokoloco Grill - 
",,590.00,0.00,"59,838.77",590.00,0.00
17 Mar 2023,Spend Money,"PUREGOLD PRICE CLUB, INC. - GROCERIES",,692.41,0.00,"60,531.18",775.50,83.09
17 Mar 2023,Spend Money,Not assigned - Lunch/Dinner,,610.00,0.00,"61,141.18",610.00,0.00
20 Mar 2023,Spend Money,Not assigned - Lunch/Dinner,,670.00,0.00,"61,811.18",670.00,0.00
20 Mar 2023,Spend Money,"PUREGOLD PRICE CLUB, INC. - GROCERIES",,108.93,0.00,"61,920.11",122.00,13.07
20 Mar 2023,Spend Money,"Grantline, Inc.",,318.00,0.00,"62,238.11",318.00,0.00
20 Mar 2023,Spend Money,Grab,,605.00,0.00,"62,843.11",605.00,0.00
21 Mar 2023,Spend Money,Not assigned - Lunch/Dinner,,610.00,0.00,"63,453.11",610.00,0.00
22 Mar 2023,Spend Money,Not assigned - Lunch/Dinner,,620.00,0.00,"64,073.11",620.00,0.00
23 Mar 2023,Spend Money,Not assigned - Lunch/Dinner,,640.00,0.00,"64,713.11",640.00,0.00
23 Mar 2023,Spend Money,EDKAM FOOD VENTURES INC. - MEALS,,559.82,0.00,"65,272.93",627.00,67.18
24 Mar 2023,Spend Money,Lira Purified Water Station - WATER,,111.61,0.00,"65,384.54",125.00,13.39
24 Mar 2023,Spend Money,Jamboree Expresslane Minimart,,85.71,0.00,"65,470.25",96.00,10.29
25 Mar 2023,Spend Money,Debbie Arcilla - Meal Reimbursement,,100.00,0.00,"65,570.25",100.00,0.00
25 Mar 2023,Spend Money,Maria Angelica Gaas - Meal Reimbursement,,100.00,0.00,"65,670.25",100.00,0.00
25 Mar 2023,Spend Money,PLK PHILIPPINES INC. - LUNCH/DINNER,,703.57,0.00,"66,373.82",788.00,84.43
25 Mar 2023,Spend Money,Jamboree Expresslane Minimart,,130.22,0.00,"66,504.04",145.85,15.63
27 Mar 2023,Spend Money,Marithe Grilled Chicken,,570.00,0.00,"67,074.04",570.00,0.00
28 Mar 2023,Spend Money,"PUREGOLD PRICE CLUB, INC. - GROCERIES",,766.07,0.00,"67,840.11",858.00,91.93
28 Mar 2023,Spend Money,Not assigned - Lunch/Dinner,,620.00,0.00,"68,460.11",620.00,0.00
29 Mar 2023,Spend Money,Lira Purified Water Station - Water,,133.93,0.00,"68,594.04",150.00,16.07
29 Mar 2023,Spend Money,Not assigned - Lunch/Dinner,,640.00,0.00,"69,234.04",640.00,0.00
30 Mar 2023,Spend Money,Not assigned - Lunch/Dinner,,660.00,0.00,"69,894.04",660.00,0.00
30 Mar 2023,Spend Money,Jamboree Expresslane Minimart,,40.63,0.00,"69,934.67",45.50,4.87
31 Mar 2023,Spend Money,Not assigned - Lunch/Dinner,,580.00,0.00,"70,514.67",580.00,0.00
31 Mar 2023,Spend Money,Kyukyu Concept Inc.,,"1,000.00",0.00,"71,514.67","1,000.00",0.00
03 Apr 2023,Spend Money,Lira Purified Water Station - Water,,125.00,0.00,"71,639.67",140.00,15.00
03 Apr 2023,Spend Money,FGB Snack Shack Inc,,"3,180.00",0.00,"74,819.67","3,180.00",0.00
05 Apr 2023,Spend Money,Grab,,"1,741.00",0.00,"76,560.67","1,741.00",0.00
12 Apr 2023,Spend Money,Lira Purified Water Station - Water,,93.75,0.00,"76,654.42",105.00,11.25
13 Apr 2023,Spend Money,GOLDEN ARCHES DEVELOPMENT CORPORATION - Meals,,739.00,0.00,"77,393.42",739.00,0.00
13 Apr 2023,Spend Money,"Grantline, Inc.",,721.00,0.00,"78,114.42",721.00,0.00
17 Apr 2023,Spend Money,Marjorie Relador - March 2023 Meal Reimbursement,,"1,500.00",0.00,"79,614.42","1,500.00",0.00
17 Apr 2023,Spend Money,Marjorie Relador - March 2023 Meal Reimbursement,,"1,500.00",0.00,"81,114.42","1,500.00",0.00
17 Apr 2023,Spend Money,Rush Grocer,,265.00,0.00,"81,379.42",265.00,0.00
18 Apr 2023,Spend Money,Lira Purified Water Station - Water,,125.00,0.00,"81,504.42",140.00,15.00
19 Apr 2023,Spend Money,Jamboree Expresslane Minimart,,116.07,0.00,"81,620.49",130.00,13.93
26 Apr 2023,Spend Money,Lira Purified Water Station - Water,,31.25,0.00,"81,651.74",35.00,3.75
26 Apr 2023,Spend Money,Lira Purified Water Station - Water,,125.00,0.00,"81,776.74",140.00,15.00
26 Apr 2023,Spend Money,Grab,,"1,854.00",0.00,"83,630.74","1,854.00",0.00
02 May 2023,Spend Money,Grab,,464.00,0.00,"84,094.74",464.00,0.00
02 May 2023,Spend Money,Grab,,445.00,0.00,"84,539.74",445.00,0.00
05 May 2023,Spend Money,Lira Purified Water Station - Water,,125.00,0.00,"84,664.74",140.00,15.00
09 May 2023,Spend Money,Grab,,689.00,0.00,"85,353.74",689.00,0.00
11 May 2023,Spend Money,Grab,,"4,000.00",0.00,"89,353.74","4,000.00",0.00
12 May 2023,Spend Money,Lira Purified Water Station - Water,,125.00,0.00,"89,478.74",140.00,15.00
15 May 2023,Spend Money,Marjorie Relador - April 2023 Meal Reimbursement,,"1,950.00",0.00,"91,428.74","1,950.00",0.00
18 May 2023,Spend Money,Lira Purified Water Station - Water,,125.00,0.00,"91,553.74",140.00,15.00
25 May 2023,Spend Money,Lira Purified Water Station - Water,,93.75,0.00,"91,647.49",105.00,11.25
25 May 2023,Spend Money,Grab,,"1,249.00",0.00,"92,896.49","1,249.00",0.00
26 May 2023,Spend Money,Grab,,"2,185.00",0.00,"95,081.49","2,185.00",0.00
29 May 2023,Spend Money,Lira Purified Water Station - Water,,93.75,0.00,"95,175.24",105.00,11.25
30 May 2023,Spend Money,Grab,,"1,054.00",0.00,"96,229.24","1,054.00",0.00
30 May 2023,Spend Money,S&R Pizza Inc.,,"1,866.07",0.00,"98,095.31","2,090.00",223.93
30 May 2023,Spend Money,Grab,,65.00,0.00,"98,160.31",65.00,0.00
31 May 2023,Spend Money,Grab,,562.00,0.00,"98,722.31",562.00,0.00
01 Jun 2023,Spend Money,SANFORD MARKETING CORPORATION - Pantry Supplies,,761.38,0.00,"99,483.69",852.75,91.37
05 Jun 2023,Spend Money,Lira Purified Water Station - Water,,125.00,0.00,"99,608.69",140.00,15.00
06 Jun 2023,Spend Money,"Puregold Price Club, Inc. - Coffee and Sugar",,316.56,0.00,"99,925.25",354.55,37.99
06 Jun 2023,Spend Money,"Grantline, Inc.",,"1,728.57",0.00,"101,653.82","1,936.00",207.43
09 Jun 2023,Spend Money,Jamboree Expresslane Minimart - Water Bottle for ADR,,88.39,0.00,"101,742.21",99.00,10.61
13 Jun 2023,Spend Money,Jamboree Expresslane Minimart - Tissue,,311.83,0.00,"102,054.04",349.25,37.42
14 Jun 2023,Spend Money,Lira Purified Water Station - Water,,187.50,0.00,"102,241.54",210.00,22.50
15 Jun 2023,Spend Money,Marjorie Relador - May 2023 Meal Reimbursement,,"2,550.00",0.00,"104,791.54","2,550.00",0.00
20 Jun 2023,Spend Money,Lira Purified Water Station - Water,,125.00,0.00,"104,916.54",140.00,15.00
22 Jun 2023,Spend Money,Jamboree Expresslane Minimart - Water,,85.71,0.00,"105,002.25",96.00,10.29
23 Jun 2023,Spend Money,Grab,,"2,625.00",0.00,"107,627.25","2,625.00",0.00
24 Jun 2023,Spend Money,FGB Snack Shack Inc,,"2,120.00",0.00,"109,747.25","2,120.00",0.00
27 Jun 2023,Spend Money,Lira Purified Water Station - Water,,125.00,0.00,"109,872.25",140.00,15.00
04 Jul 2023,Spend Money,Lira Purified Water Station - Water,,156.25,0.00,"110,028.50",175.00,18.75
07 Jul 2023,Spend Money,Grab,,"1,543.25",0.00,"111,571.75","1,543.25",0.00
07 Jul 2023,Spend Money,Grab,,"1,289.00",0.00,"112,860.75","1,289.00",0.00
10 Jul 2023,Spend Money,Lira Purified Water Station - Water,,125.00,0.00,"112,985.75",140.00,15.00
14 Jul 2023,Spend Money,Lira Purified Water Station - Water,,125.00,0.00,"113,110.75",140.00,15.00
17 Jul 2023,Spend Money,Marjorie Relador - June 2023 Meal Reimbursement,,"2,250.00",0.00,"115,360.75","2,250.00",0.00
20 Jul 2023,Spend Money,TROPICAL HUT FOOD MARKET INC - Food,,737.00,0.00,"116,097.75",737.00,0.00
21 Jul 2023,Spend Money,Cyril Bautista,,"1,175.00",0.00,"117,272.75","1,175.00",0.00
21 Jul 2023,Spend Money,Lira Purified Water Station - Water,,125.00,0.00,"117,397.75",140.00,15.00
21 Jul 2023,Spend Money,Grab,,"1,461.00",0.00,"118,858.75","1,461.00",0.00
26 Jul 2023,Spend Money,Lira Purified Water Station - Water,,125.00,0.00,"118,983.75",140.00,15.00
28 Jul 2023,Spend Money,Osmanthus Tea Corporation,,"2,342.81",0.00,"121,326.56","2,623.95",281.14
30 Jul 2023,Spend Money,Grab,,342.00,0.00,"121,668.56",342.00,0.00
01 Aug 2023,Spend Money,Lira Purified Water Station - Water,,156.25,0.00,"121,824.81",175.00,18.75
03 Aug 2023,Spend Money,Northstar Grill And Gourmet Corporation,,"1,627.68",0.00,"123,452.49","1,823.00",195.32
07 Aug 2023,Spend Money,Catsi Catalan,,"3,192.00",0.00,"126,644.49","3,192.00",0.00
07 Aug 2023,Spend Money,Lira Purified Water Station - Water,,125.00,0.00,"126,769.49",140.00,15.00
09 Aug 2023,Spend Money,Catsi Catalan,,"1,196.00",0.00,"127,965.49","1,196.00",0.00
10 Aug 2023,Spend Money,Grab,,949.00,0.00,"128,914.49",949.00,0.00
12 Aug 2023,Spend Money,Lira Purified Water Station - Water,,125.00,0.00,"129,039.49",140.00,15.00
14 Aug 2023,Spend Money,Grab,,"3,602.00",0.00,"132,641.49","3,602.00",0.00
15 Aug 2023,Spend Money,Marjorie Relador - July 2023 Meal Reimbursement,,"2,850.00",0.00,"135,491.49","2,850.00",0.00
15 Aug 2023,Spend Money,Kurt Lorenze Abrahan - Meal Reimbursement July 2023,,"1,200.00",0.00,"136,691.49","1,200.00",0.00
16 Aug 2023,Spend Money,Grab,,823.00,0.00,"137,514.49",823.00,0.00
16 Aug 2023,Spend Money,Grab,,854.00,0.00,"138,368.49",854.00,0.00
17 Aug 2023,Spend Money,Lira Purified Water Station - Water,,125.00,0.00,"138,493.49",140.00,15.00
20 Aug 2023,Spend Money,Grab,,"1,605.00",0.00,"140,098.49","1,605.00",0.00
22 Aug 2023,Spend Money,Grab,,903.00,0.00,"141,001.49",903.00,0.00
23 Aug 2023,Spend Money,Lira Purified Water Station - Water,,125.00,0.00,"141,126.49",140.00,15.00
23 Aug 2023,Spend Money,Grab,,"2,154.00",0.00,"143,280.49","2,154.00",0.00
23 Aug 2023,Spend Money,Grab,,"2,716.00",0.00,"145,996.49","2,716.00",0.00
26 Aug 2023,Spend Money,Grab,,722.00,0.00,"146,718.49",722.00,0.00
28 Aug 2023,Spend Money,Lira Purified Water Station - Water,,125.00,0.00,"146,843.49",140.00,15.00
30 Aug 2023,Spend Money,Jamboree Expresslane Minimart,,49.11,0.00,"146,892.60",55.00,5.89
01 Sep 2023,Spend Money,Lira Purified Water Station - Water,,125.00,0.00,"147,017.60",140.00,15.00
05 Sep 2023,Spend Money,Grab,,"4,277.00",0.00,"151,294.60","4,277.00",0.00
06 Sep 2023,Spend Money,Lira Purified Water Station - Water,,125.00,0.00,"151,419.60",140.00,15.00
09 Sep 2023,Spend Money,Lira Purified Water Station - Water,,93.75,0.00,"151,513.35",105.00,11.25
12 Sep 2023,Spend Money,Jamboree Expresslane Minimart,,98.21,0.00,"151,611.56",110.00,11.79
13 Sep 2023,Spend Money,Lira Purified Water Station - Water,,93.75,0.00,"151,705.31",105.00,11.25
15 Sep 2023,Spend Money,Marjorie Relador - August 2023 Meal Reimbursement,,"3,750.00",0.00,"155,455.31","3,750.00",0.00
15 Sep 2023,Spend Money,Kurt Lorenze Abrahan - August Reimbursement July 2023,,450.00,0.00,"155,905.31",450.00,0.00
16 Sep 2023,Spend Money,Lira Purified Water Station - Water,,125.00,0.00,"156,030.31",140.00,15.00
16 Sep 2023,Spend Money,Grab,,795.00,0.00,"156,825.31",795.00,0.00
20 Sep 2023,Spend Money,Lira Purified Water Station - Water,,93.75,0.00,"156,919.06",105.00,11.25
21 Sep 2023,Spend Money,Not assigned - Milk,,74.00,0.00,"156,993.06",74.00,0.00
21 Sep 2023,Spend Money,Not assigned - Ice,,10.00,0.00,"157,003.06",10.00,0.00
22 Sep 2023,Spend Money,Lira Purified Water Station - Water,,125.00,0.00,"157,128.06",140.00,15.00
23 Sep 2023,Spend Money,Grab,,434.00,0.00,"157,562.06",434.00,0.00
26 Sep 2023,Spend Money,Lira Purified Water Station - Water,,125.00,0.00,"157,687.06",140.00,15.00
30 Sep 2023,Spend Money,Grab,,"1,405.00",0.00,"159,092.06","1,405.00",0.00
30 Sep 2023,Spend Money,Lira Purified Water Station - Water,,125.00,0.00,"159,217.06",140.00,15.00
01 Oct 2023,Spend Money,Grab,,"1,125.00",0.00,"160,342.06","1,125.00",0.00
06 Oct 2023,Spend Money,Lira Purified Water Station - Water,,125.00,0.00,"160,467.06",140.00,15.00
12 Oct 2023,Spend Money,Grab,,"2,947.00",0.00,"163,414.06","2,947.00",0.00
16 Oct 2023,Spend Money,Marjorie Relador - September 2023 Meal Reimbursement,,"3,150.00",0.00,"166,564.06","3,150.00",0.00
16 Oct 2023,Spend Money,Kurt Lorenze Abrahan - September Reimbursement July 2023,,"1,950.00",0.00,"168,514.06","1,950.00",0.00
16 Oct 2023,Spend Money,KOKORO JAPANESE GRINDZ,,"1,352.68",0.00,"169,866.74","1,515.00",162.32
19 Oct 2023,Spend Money,Lira Purified Water Station - Water,,156.25,0.00,"170,022.99",175.00,18.75
19 Oct 2023,Spend Money,Lira Purified Water Station - Water,,156.25,0.00,"170,179.24",175.00,18.75
20 Oct 2023,Spend Money,Grab,,"1,180.00",0.00,"171,359.24","1,180.00",0.00
21 Oct 2023,Spend Money,Lira Purified Water Station - Water,,62.50,0.00,"171,421.74",70.00,7.50
25 Oct 2023,Spend Money,Lira Purified Water Station - Water,,93.75,0.00,"171,515.49",105.00,11.25
27 Oct 2023,Spend Money,Lira Purified Water Station - Water,,93.75,0.00,"171,609.24",105.00,11.25
03 Nov 2023,Spend Money,Grab,,"2,412.00",0.00,"174,021.24","2,412.00",0.00
06 Nov 2023,Spend Money,Lira Purified Water Station - Water,,125.00,0.00,"174,146.24",140.00,15.00
09 Nov 2023,Spend Money,Lira Purified Water Station - Water,,125.00,0.00,"174,271.24",140.00,15.00
15 Nov 2023,Spend Money,Marjorie Relador - October 2023 Meal Reimbursement,,"4,500.00",0.00,"178,771.24","4,500.00",0.00
15 Nov 2023,Spend Money,Donnis Abarido - October 2023 Meal Reimbursement,,"1,200.00",0.00,"179,971.24","1,200.00",0.00
15 Nov 2023,Spend Money,Lira Purified Water Station - Water,,125.00,0.00,"180,096.24",140.00,15.00
28 Nov 2023,Spend Money,Lira Purified Water Station - Water,,250.00,0.00,"180,346.24",280.00,30.00
04 Dec 2023,Spend Money,Grab,,"2,843.00",0.00,"183,189.24","2,843.00",0.00
04 Dec 2023,Spend Money,Lira Purified Water Station - Water,,125.00,0.00,"183,314.24",140.00,15.00
05 Dec 2023,Spend Money,Grab,,"3,504.00",0.00,"186,818.24","3,504.00",0.00
09 Dec 2023,Spend Money,Lira Purified Water Station - Water,,125.00,0.00,"186,943.24",140.00,15.00
14 Dec 2023,Spend Money,Lira Purified Water Station - Water,,125.00,0.00,"187,068.24",140.00,15.00
17 Dec 2023,Spend Money,Grab,,671.00,0.00,"187,739.24",671.00,0.00
20 Dec 2023,Spend Money,Lira Purified Water Station - Water,,125.00,0.00,"187,864.24",140.00,15.00
Total Office Expense - Meals,,,,"187,864.24",0.00,"187,864.24","191,197.38","3,333.14"
,,,,,,,,
Office Expense - Meetings,,,,,,,,
27 Feb 2023,Spend Money,Wesley Yap - Meeting,,"1,199.00",0.00,"1,199.00","1,199.00",0.00
02 May 2023,Spend Money,Wesley Yap - Meeting,,"5,245.00",0.00,"6,444.00","5,245.00",0.00
13 Jul 2023,Spend Money,Sumati Food Inc. - Food - All Hands Meeting July 2023,,"2,959.82",0.00,"9,403.82","3,315.00",355.18
13 Jul 2023,Spend Money,Sumati Food Inc. - Food - All Hands Meeting July 2023,,147.99,0.00,"9,551.81",147.99,0.00
19 Jul 2023,Spend Money,Roice's Gold Room Corporation - T6 Meeting with Leo,,"5,634.13",0.00,"15,185.94","6,310.23",676.10
08 Aug 2023,Spend Money,Max's Kitchen Inc.,,"3,373.00",0.00,"18,558.94","3,373.00",0.00
17 Aug 2023,Spend Money,Superdax Diner Resto Bars OPC - All Hands Meeting,,"3,615.18",0.00,"22,174.12","4,049.00",433.82
29 Sep 2023,Spend Money,UCC,,871.50,0.00,"23,045.62",871.50,0.00
26 Oct 2023,Spend Money,Pancake House,,"2,538.21",0.00,"25,583.83","2,538.21",0.00
Total Office Expense - Meetings,,,,"25,583.83",0.00,"25,583.83","27,048.93","1,465.10"
,,,,,,,,
Office Expense - Pantry Supplies,,,,,,,,
04 Jul 2023,Spend Money,Jamboree Expresslane Minimart,,131.50,0.00,131.50,131.50,0.00
08 Jul 2023,Spend Money,Jamboree Expresslane Minimart - Garbage Bags,,285.27,0.00,416.77,319.50,34.23
12 Jul 2023,Spend Money,HI-TOP SUPERMART INC.,,"1,464.20",0.00,"1,880.97","1,639.90",175.70
13 Jul 2023,Spend Money,HI-TOP SUPERMART INC. - Groceries,,"1,260.00",0.00,"3,140.97","1,260.00",0.00
13 Jul 2023,Spend Money,HI-TOP SUPERMART INC. - Groceries,,99.10,0.00,"3,240.07",110.99,11.89
13 Jul 2023,Spend Money,Not assigned - Rice (5 kg),,290.00,0.00,"3,530.07",290.00,0.00
18 Jul 2023,Spend Money,Jamboree Expresslane Minimart - Pantry Supplies,,169.42,0.00,"3,699.49",189.75,20.33
25 Jul 2023,Spend Money,"Puregold Price Club, Inc.",,719.20,0.00,"4,418.69",805.50,86.30
28 Jul 2023,Spend Money,Jamboree Expresslane Minimart - Pantry Supplies,,218.84,0.00,"4,637.53",245.10,26.26
03 Aug 2023,Spend Money,"Puregold Price Club, Inc.",,112.05,0.00,"4,749.58",125.50,13.45
04 Aug 2023,Spend Money,Jamboree Expresslane Minimart,,171.88,0.00,"4,921.46",192.50,20.62
04 Aug 2023,Spend Money,"Puregold Price Club, Inc.",,680.36,0.00,"5,601.82",762.00,81.64
17 Aug 2023,Spend Money,Jamboree Expresslane Minimart,,234.38,0.00,"5,836.20",262.50,28.12
18 Aug 2023,Spend Money,"Puregold Price Club, Inc.",,822.99,0.00,"6,659.19",921.75,98.76
23 Aug 2023,Spend Money,"Puregold Price Club, Inc.",,312.95,0.00,"6,972.14",350.50,37.55
29 Aug 2023,Spend Money,"Puregold Price Club, Inc. - Zonrox, Tissue",,392.86,0.00,"7,365.00",440.00,47.14
29 Aug 2023,Spend Money,Jamboree Expresslane Minimart - Trash Bags,,245.09,0.00,"7,610.09",274.50,29.41
29 Aug 2023,Spend Money,Not assigned - Alcohol,,"1,040.00",0.00,"8,650.09","1,040.00",0.00
30 Aug 2023,Spend Money,"Puregold Price Club, Inc.",,464.29,0.00,"9,114.38",520.00,55.71
05 Sep 2023,Spend Money,"Puregold Price Club, Inc.",,868.97,0.00,"9,983.35",973.25,104.28
11 Sep 2023,Spend Money,Kevin Padilla - Hazelnut Coffee 1kg,,660.71,0.00,"10,644.06",740.00,79.29
11 Sep 2023,Spend Money,"Puregold Price Club, Inc.",,277.11,0.00,"10,921.17",310.36,33.25
16 Sep 2023,Spend Money,"Puregold Price Club, Inc.",,634.38,0.00,"11,555.55",710.51,76.13
21 Sep 2023,Spend Money,"Puregold Price Club, Inc.",,255.27,0.00,"11,810.82",285.90,30.63
25 Sep 2023,Spend Money,"Puregold Price Club, Inc.",,636.16,0.00,"12,446.98",712.50,76.34
29 Sep 2023,Spend Money,"Puregold Price Club, Inc.",,321.92,0.00,"12,768.90",360.55,38.63
02 Oct 2023,Spend Money,ROBINSON'S SUPERMARKET CORPORATION,,502.68,0.00,"13,271.58",563.00,60.32
10 Oct 2023,Spend Money,"Puregold Price Club, Inc.",,635.63,0.00,"13,907.21",711.90,76.27
10 Oct 2023,Spend Money,"Jamboree Expresslane Minimart - Zonrox, Coffee",,58.48,0.00,"13,965.69",65.50,7.02
13 Oct 2023,Spend Money,"Puregold Price Club, Inc. - Soy sauce, patis, etc",,455.54,0.00,"14,421.23",510.20,54.66
16 Oct 2023,Spend Money,Familyhealth & Beauty Corp. - Hand wash,,498.21,0.00,"14,919.44",558.00,59.79
18 Oct 2023,Spend Money,SANFORD MARKETING CORPORATION,,259.82,0.00,"15,179.26",291.00,31.18
23 Oct 2023,Spend Money,Kevin Padilla - Hazelnut Coffee 2kg,,"1,089.29",0.00,"16,268.55","1,220.00",130.71
23 Oct 2023,Spend Money,Jamboree Expresslane Minimart - Creamer,,164.06,0.00,"16,432.61",183.75,19.69
24 Oct 2023,Spend Money,"Jamboree Expresslane Minimart - Albatross, Tissue",,300.00,0.00,"16,732.61",336.00,36.00
24 Oct 2023,Spend Money,Jamboree Expresslane Minimart - Paper cups,,204.64,0.00,"16,937.25",229.20,24.56
25 Oct 2023,Spend Money,Jamboree Expresslane Minimart - Sugar,,24.11,0.00,"16,961.36",27.00,2.89
04 Nov 2023,Spend Money,Jamboree Expresslane Minimart - Paper cups,,765.45,0.00,"17,726.81",857.30,91.85
06 Nov 2023,Spend Money,Jamboree Expresslane Minimart - Trash bags,,90.63,0.00,"17,817.44",101.50,10.87
07 Nov 2023,Spend Money,Jamboree Expresslane Minimart - Paper cups,,204.64,0.00,"18,022.08",229.20,24.56
10 Nov 2023,Spend Money,Jamboree Expresslane Minimart - Trash bags,,158.26,0.00,"18,180.34",177.25,18.99
13 Nov 2023,Spend Money,"Puregold Price Club, Inc. - Trash bags, Lysol, Tissue and paper cups",,"1,655.27",0.00,"19,835.61","1,853.90",198.63
16 Nov 2023,Spend Money,Jamboree Expresslane Minimart - Tissue,,418.75,0.00,"20,254.36",469.00,50.25
21 Nov 2023,Spend Money,Jamboree Expresslane Minimart,,193.30,0.00,"20,447.66",216.50,23.20
24 Nov 2023,Spend Money,Jamboree Expresslane Minimart,,570.09,0.00,"21,017.75",638.50,68.41
02 Dec 2023,Spend Money,"Puregold Price Club, Inc.",,841.25,0.00,"21,859.00",942.20,100.95
14 Dec 2023,Spend Money,"Puregold Price Club, Inc.",,637.37,0.00,"22,496.37",713.85,76.48
14 Dec 2023,Spend Money,Not assigned,,150.00,0.00,"22,646.37",150.00,0.00
20 Dec 2023,Spend Money,Not assigned,,"1,040.00",0.00,"23,686.37","1,040.00",0.00
29 Dec 2023,Spend Money,Kevin Padilla - Hazelnut Coffee,,"1,178.57",0.00,"24,864.94","1,320.00",141.43
Total Office Expense - Pantry Supplies,,,,"24,864.94",0.00,"24,864.94","27,379.31","2,514.37"
,,,,,,,,
Office Expense - Transportation Cost,,,,,,,,
21 Mar 2023,Spend Money,Maria Angelica Gaas,,220.00,0.00,220.00,220.00,0.00
21 Mar 2023,Spend Money,Maria Angelica Gaas,,120.00,0.00,340.00,120.00,0.00
24 Nov 2023,Spend Money,Professional Parking Management Corporation - Parking,,60.00,0.00,400.00,60.00,0.00
30 Nov 2023,Spend Money,Jam Vergara - Transportation to Afterparty ,Ma'am Chief,464.00,0.00,864.00,464.00,0.00
Total Office Expense - Transportation Cost,,,,864.00,0.00,864.00,864.00,0.00
,,,,,,,,
Office Expense - Utility/Labor,,,,,,,,
10 Feb 2023,Spend Money,Not assigned,,"1,800.00",0.00,"1,800.00","1,800.00",0.00
19 Feb 2023,Spend Money,Not assigned,,"1,200.00",0.00,"3,000.00","1,200.00",0.00
22 Feb 2023,Spend Money,Not assigned,,112.00,0.00,"3,112.00",112.00,0.00
28 Feb 2023,Spend Money,Not assigned,,500.00,0.00,"3,612.00",500.00,0.00
01 Mar 2023,Spend Money,Kuya Jack,,100.00,0.00,"3,712.00",100.00,0.00
01 Mar 2023,Spend Money,Not assigned,,"1,000.00",0.00,"4,712.00","1,000.00",0.00
Total Office Expense - Utility/Labor,,,,"4,712.00",0.00,"4,712.00","4,712.00",0.00
,,,,,,,,
Office Expenses - Miscellaneous,,,,,,,,
18 Jan 2023,Spend Money,CREEKSIDE PARK INC. - Parking Fee,,40.00,0.00,40.00,40.00,0.00
23 Feb 2023,Spend Money,Not assigned,,40.00,0.00,80.00,40.00,0.00
24 Mar 2023,Spend Money,Alfox Printing Services,,80.36,0.00,160.36,90.00,9.64
28 Mar 2023,Spend Money,Not assigned,,50.00,0.00,210.36,50.00,0.00
18 Apr 2023,Spend Money,"AXXESS MASTERS & SOLUTIONS, INC. - Parking Fee",,30.00,0.00,240.36,30.00,0.00
27 Apr 2023,Spend Money,Ortigas Commercial Corporation,,50.00,0.00,290.36,50.00,0.00
02 May 2023,Spend Money,Ortigas Commercial Corporation,,50.00,0.00,340.36,50.00,0.00
03 May 2023,Spend Money,SM PRIME HOLDINGS INC. - Parking Fee,,100.00,0.00,440.36,100.00,0.00
04 May 2023,Spend Money,SM PRIME HOLDINGS INC. - Parking Fee,,100.00,0.00,540.36,100.00,0.00
10 May 2023,Spend Money,"AXXESS MASTERS & SOLUTIONS, INC. - Parking Fee",,30.00,0.00,570.36,30.00,0.00
15 May 2023,Spend Money,Not assigned,,40.00,0.00,610.36,40.00,0.00
26 May 2023,Spend Money,"AXXESS MASTERS & SOLUTIONS, INC. - Parking Fee",,30.00,0.00,640.36,30.00,0.00
30 May 2023,Spend Money,"AXXESS MASTERS & SOLUTIONS, INC. - Parking Fee
",,30.00,0.00,670.36,30.00,0.00
23 Jun 2023,Spend Money,Wesley Yap - Parking Fee,,45.00,0.00,715.36,45.00,0.00
07 Jul 2023,Spend Money,Not assigned - Vulcanize,,100.00,0.00,815.36,100.00,0.00
27 Jul 2023,Spend Money,"Makati Parking Authority, Inc - Parking Fee",,40.00,0.00,855.36,40.00,0.00
01 Aug 2023,Spend Money,"Makati Parking Authority, Inc - Parking Fee",Cinemalaya 2023,40.00,0.00,895.36,40.00,0.00
03 Aug 2023,Spend Money,Good Idea Plastic Wares Store - Raincoat for Messenger,,790.00,0.00,"1,685.36",790.00,0.00
25 Sep 2023,Spend Money,Not assigned - TF Messenger,,610.00,0.00,"2,295.36",610.00,0.00
06 Nov 2023,Spend Money,Not assigned - Bayad Center Fee,,10.00,0.00,"2,305.36",10.00,0.00
30 Nov 2023,Spend Money,"AXXESS MASTERS & SOLUTIONS, INC. - Parking Fee",,30.00,0.00,"2,335.36",30.00,0.00
07 Dec 2023,Spend Money,Professional Parking Management Corporation - Parking,,60.00,0.00,"2,395.36",60.00,0.00
20 Dec 2023,Spend Money,"Makati Parking Authority, Inc - Parking Fee",,40.00,0.00,"2,435.36",40.00,0.00
Total Office Expenses - Miscellaneous,,,,"2,435.36",0.00,"2,435.36","2,445.00",9.64
,,,,,,,,
Office Furniture and Fixtures,,,,,,,,
Opening Balance,,,,"573,694.45",0.00,"573,694.45",0.00,0.00
19 Jan 2023,Payable Invoice,Abenson Ventures Inc. - Samsung Ref,,"32,140.18",0.00,"605,834.63","35,997.00","3,856.82"
29 Jan 2023,Payable Invoice,Cost U Less - Chairs,,"10,262.50",0.00,"616,097.13","11,494.00","1,231.50"
29 Jan 2023,Payable Invoice,Cost U Less - Chairs,,"3,213.39",0.00,"619,310.52","3,599.00",385.61
24 Mar 2023,Spend Money,Abenson Ventures Inc. - Stand Fan,,"1,694.64",0.00,"621,005.16","1,898.00",203.36
03 Apr 2023,Spend Money,"WPOSTAR - 
Nordic Minimalist Long Wall Lamp Corridor Aisle Entrance Light Creative Acrylic Stair Balcony Light",,"2,687.18",0.00,"623,692.34","2,687.18",0.00
06 Jun 2023,Spend Money,Abenson Ventures Inc.,,"52,766.07",0.00,"676,458.41","59,098.00","6,331.93"
08 Jul 2023,Spend Money,TP-Link - TP-Link VIGI NVR1008H 8 Channel Network Video Recorder | CCTV NVR | TPLink | TP Link,,"3,140.00",0.00,"679,598.41","3,140.00",0.00
08 Jul 2023,Spend Money,TP-Link - Tp-Link Tapo C500 Outdoor Pan/Tilt Security WiFi Camera 1080p Full HD 360° Live View Person Detection and Motion Tracking-Smart AI Night Vision IP65 Weatherproof Two-Way Audio,,"7,960.00",0.00,"687,558.41","7,960.00",0.00
11 Jul 2023,Payable Invoice,Cadas Furniture - Plain wood top black frame 100x600,Table 202,"4,800.00",0.00,"692,358.41","4,800.00",0.00
11 Jul 2023,Payable Invoice,Nard Torres - Office Drawer,,"1,550.00",0.00,"693,908.41","1,550.00",0.00
19 Jul 2023,Spend Money,"Complink Marketing, Inc. - TP Link Deco S7 (2-pack) Mesh Router",,"5,266.96",0.00,"699,175.37","5,899.00",632.04
19 Jul 2023,Spend Money,Cost U Less - EMC-P200 Ergonomica Mid Back Mesh Chair Blk,,"3,212.50",0.00,"702,387.87","3,598.00",385.50
19 Jul 2023,Spend Money,Cost U Less - DVC-103 Gry Deluxe Visitors Chair with T Gry,,"4,015.18",0.00,"706,403.05","4,497.00",481.82
20 Jul 2023,Payable Invoice,Philfoam Furnishing Industries Inc. - ALEX VERTICAL 4DRAWER CABINET,,"7,937.50",0.00,"714,340.55","8,890.00",952.50
20 Jul 2023,Payable Invoice,Philfoam Furnishing Industries Inc. - DELIVERY CHARGE,,964.29,0.00,"715,304.84","1,080.00",115.71
20 Jul 2023,Spend Money,Panasonic - Panasonic Corded Telephone KX-TS500MX Black,,790.00,0.00,"716,094.84",790.00,0.00
14 Aug 2023,Spend Money,ZKTeco - ZKTeco Biometrics Fingerprint Time Attendance Machine WiFi Bundy Clock Time Recorder Punch Card Machine Terminal with Phone APP iOS Android Attendance System USB Reader WL20,,"4,712.57",0.00,"720,807.41","4,712.57",0.00
07 Sep 2023,Payable Invoice,EMAK Furniture and Fixture Manufacturing - L-shaped pinewood desk for 201,,"22,000.00",0.00,"742,807.41","22,000.00",0.00
Total Office Furniture and Fixtures,,,,"169,112.96",0.00,"742,807.41","183,689.75","14,576.79"
Closing Balance,,,,"742,807.41",0.00,"742,807.41",0.00,0.00
,,,,,,,,
Office Supplies,,,,,,,,
05 Jan 2023,Spend Money,Bubbles Best Food Supplies Corp.,,450.00,0.00,450.00,450.00,0.00
09 Jan 2023,Spend Money,"PUREGOLD PRICE CLUB, INC.",,982.25,0.00,"1,432.25",982.25,0.00
12 Jan 2023,Spend Money,SANFORD MARKETING CORPORATION - Office Supplies,,519.50,0.00,"1,951.75",519.50,0.00
17 Jan 2023,Spend Money,Ace Hardware,,438.00,0.00,"2,389.75",438.00,0.00
20 Jan 2023,Spend Money,Wesley Yap - Extension Cord,,"2,247.00",0.00,"4,636.75","2,247.00",0.00
21 Jan 2023,Spend Money,Amazon - Thunderbolt 4 Cable,,"5,049.96",0.00,"9,686.71","5,049.96",0.00
23 Jan 2023,Spend Money,Ace Hardware,,499.00,0.00,"10,185.71",499.00,0.00
23 Jan 2023,Spend Money,"PUREGOLD PRICE CLUB, INC.",,410.50,0.00,"10,596.21",410.50,0.00
24 Jan 2023,Spend Money,"NATIONAL BOOK STORE, INC.",,510.00,0.00,"11,106.21",510.00,0.00
26 Jan 2023,Spend Money,SANFORD MARKETING CORPORATION - Groceries,,276.00,0.00,"11,382.21",276.00,0.00
01 Feb 2023,Spend Money,Ace Hardware,,811.61,0.00,"12,193.82",909.00,97.39
01 Feb 2023,Spend Money,JAPAN HOME INC.,,123.21,0.00,"12,317.03",138.00,14.79
06 Feb 2023,Spend Money,"Puregold Price Club, Inc.",,25.96,0.00,"12,342.99",25.96,0.00
06 Feb 2023,Spend Money,"Puregold Price Club, Inc.",,816.88,0.00,"13,159.87",914.91,98.03
07 Feb 2023,Spend Money,"Puregold Price Club, Inc.",,217.86,0.00,"13,377.73",244.00,26.14
08 Feb 2023,Spend Money,"NATIONAL BOOK STORE, INC.",,742.00,0.00,"14,119.73",742.00,0.00
08 Feb 2023,Spend Money,"RHD Daiso-Saizen, Inc.",,78.57,0.00,"14,198.30",88.00,9.43
21 Feb 2023,Spend Money,"Puregold Price Club, Inc.",,"1,628.57",0.00,"15,826.87","1,824.00",195.43
22 Feb 2023,Spend Money,"NATIONAL BOOK STORE, INC. - LAMINATION",,60.00,0.00,"15,886.87",60.00,0.00
02 Mar 2023,Spend Money,Ace Hardware,,441.95,0.00,"16,328.82",494.98,53.03
08 Mar 2023,Spend Money,Jamboree Expresslane Minimart,,673.66,0.00,"17,002.48",754.50,80.84
14 Mar 2023,Spend Money,Not assigned - HDMI,,359.00,0.00,"17,361.48",359.00,0.00
20 Mar 2023,Spend Money,Ace Hardware,,231.25,0.00,"17,592.73",259.00,27.75
20 Mar 2023,Spend Money,P2HYKQA Consumer Goods Trading,,230.00,0.00,"17,822.73",230.00,0.00
22 Mar 2023,Spend Money,Ace Hardware,,445.54,0.00,"18,268.27",499.00,53.46
23 Mar 2023,Spend Money,"Puregold Price Club, Inc.",,253.13,0.00,"18,521.40",283.50,30.37
30 Mar 2023,Spend Money,Not assigned,,"1,000.00",0.00,"19,521.40","1,000.00",0.00
30 Mar 2023,Spend Money,Ace Hardware,,408.93,0.00,"19,930.33",458.00,49.07
03 Apr 2023,Spend Money,"Puregold Price Club, Inc. - Pantry Supplies",,183.21,0.00,"20,113.54",205.20,21.99
13 Apr 2023,Spend Money,"Puregold Price Club, Inc. - Office Supplies",,676.35,0.00,"20,789.89",757.51,81.16
15 Apr 2023,Spend Money,Ace Hardware,,240.18,0.00,"21,030.07",269.00,28.82
17 Apr 2023,Spend Money,Bricolage Philippines Inc. - Omni LED,,226.79,0.00,"21,256.86",254.00,27.21
18 Apr 2023,Spend Money,"NATIONAL BOOK STORE, INC. - Office Supplies",,450.00,0.00,"21,706.86",450.00,0.00
18 Apr 2023,Spend Money,Ace Hardware,,454.46,0.00,"22,161.32",509.00,54.54
24 Apr 2023,Spend Money,Not assigned,,80.00,0.00,"22,241.32",80.00,0.00
27 Apr 2023,Spend Money,"Puregold Price Club, Inc. - Pantry Supplies",,862.96,0.00,"23,104.28",966.52,103.56
27 Apr 2023,Spend Money,"Puregold Price Club, Inc.",,33.23,0.00,"23,137.51",33.23,0.00
27 Apr 2023,Spend Money,Jamboree Expresslane Minimart - Pantry Supplies,,120.00,0.00,"23,257.51",120.00,0.00
03 May 2023,Spend Money,"Puregold Price Club, Inc. - Pantry Supplies",,422.81,0.00,"23,680.32",473.55,50.74
08 May 2023,Spend Money,"Puregold Price Club, Inc. - Office Supplies",,501.56,0.00,"24,181.88",561.75,60.19
10 May 2023,Spend Money,"Puregold Price Club, Inc. - Pantry Supplies",,715.27,0.00,"24,897.15",801.10,85.83
10 May 2023,Spend Money,Jamboree Expresslane Minimart - Pantry Supplies,,146.43,0.00,"25,043.58",164.00,17.57
20 May 2023,Spend Money,"Puregold Price Club, Inc. - Pantry Supplies",,770.54,0.00,"25,814.12",863.00,92.46
20 May 2023,Spend Money,"Puregold Price Club, Inc.",,66.50,0.00,"25,880.62",66.50,0.00
20 May 2023,Spend Money,Jamboree Expresslane Minimart - Pantry Supplies,,68.97,0.00,"25,949.59",77.25,8.28
14 Jun 2023,Spend Money,"Puregold Price Club, Inc. - Paper cups",,183.21,0.00,"26,132.80",205.20,21.99
19 Jun 2023,Spend Money,"Puregold Price Club, Inc. - Tissue",,432.14,0.00,"26,564.94",484.00,51.86
23 Jun 2023,Spend Money,Jamboree Expresslane Minimart - Pantry Supplies,,78.13,0.00,"26,643.07",87.50,9.37
27 Jun 2023,Spend Money,Jamboree Expresslane Minimart,,892.86,0.00,"27,535.93","1,000.00",107.14
05 Jul 2023,Spend Money,Bricolage Philippines Inc. - Omni Universal Sockets,,210.71,0.00,"27,746.64",236.00,25.29
07 Jul 2023,Spend Money,"National Book Store, Inc. - Tack",,146.00,0.00,"27,892.64",146.00,0.00
08 Jul 2023,Spend Money,"National Book Store, Inc. - Black Ink",,254.46,0.00,"28,147.10",285.00,30.54
08 Jul 2023,Spend Money,"Power Infinite - 3M Command Picture Hanging Strips, Large, Black, 4 sets of Large Strips, good for 24"" x 36"" frames Holds up to 7.2kg,",,"1,280.00",0.00,"29,427.10","1,280.00",0.00
08 Jul 2023,Spend Money,Allan.ph - Allan 100pcs. Nail flat clips cable ties round steel nail cable clips 4mm/ 6mm/ 10mm,,38.88,0.00,"29,465.98",38.88,0.00
19 Jul 2023,Spend Money,Upson Intl. Corp. - GP GP-24G-2U2 AAA Carbon Zinc 2pcs,,31.25,0.00,"29,497.23",35.00,3.75
25 Jul 2023,Spend Money,Jamboree Expresslane Minimart - Energizer Battery,,175.45,0.00,"29,672.68",196.50,21.05
31 Jul 2023,Spend Money,"Puregold Price Club, Inc. - Pantry Supplies",,66.07,0.00,"29,738.75",74.00,7.93
01 Aug 2023,Spend Money,Microtex - Microtex MTX Prochoice Microfiber All Purpose Cloth 12 pcs (PC-MF12S),,350.00,0.00,"30,088.75",350.00,0.00
13 Sep 2023,Spend Money,"National Book Store, Inc. - Black Ink",,158.04,0.00,"30,246.79",177.00,18.96
15 Sep 2023,Spend Money,Not assigned,,"30,405.29",0.00,"60,652.08","30,405.29",0.00
16 Sep 2023,Spend Money,Abenson Ventures Inc.,,"9,989.00",0.00,"70,641.08","9,989.00",0.00
18 Sep 2023,Spend Money,Lazada - Royalstar 2/3 Layer Modern Style Kitchen Storage Rack Large Load Capacity Mini Wooden Kitchen Racks Oven Rack Microwave Oven Rack,,644.50,0.00,"71,285.58",644.50,0.00
18 Sep 2023,Spend Money,Lazada - Cords,,567.20,0.00,"71,852.78",567.20,0.00
28 Sep 2023,Spend Money,Lazada - Extension Cords,,"1,371.50",0.00,"73,224.28","1,371.50",0.00
28 Sep 2023,Spend Money,"Lazada - 3M Command Picture Hanging Strips, 17206BLK-ES, No Surface Damage, Holds up to 7.2kg, 4 strips, Large, Black, For hanging picture frames",,338.00,0.00,"73,562.28",338.00,0.00
28 Sep 2023,Spend Money,Lazada - Extension Cord,,215.35,0.00,"73,777.63",215.35,0.00
02 Oct 2023,Spend Money,"National Book Store, Inc.",,27.68,0.00,"73,805.31",31.00,3.32
03 Oct 2023,Spend Money,"National Book Store, Inc. - Sticker Paper Matte",,533.93,0.00,"74,339.24",598.00,64.07
12 Oct 2023,Spend Money,Not assigned - Screw,,434.00,0.00,"74,773.24",434.00,0.00
18 Oct 2023,Spend Money,Ace Hardware - Mop,,"1,070.54",0.00,"75,843.78","1,199.00",128.46
19 Oct 2023,Spend Money,SANFORD MARKETING CORPORATION - SOSA,,112.75,0.00,"75,956.53",112.75,0.00
06 Nov 2023,Spend Money,Lazada,,"1,243.59",0.00,"77,200.12","1,243.59",0.00
07 Nov 2023,Spend Money,Jamboree Expresslane Minimart - Energizer Battery,,175.45,0.00,"77,375.57",196.50,21.05
10 Nov 2023,Spend Money,Lazada,,971.21,0.00,"78,346.78",971.21,0.00
12 Nov 2023,Spend Money,Not assigned - Cable Tie,,95.00,0.00,"78,441.78",95.00,0.00
12 Dec 2023,Spend Money,PANAY PHOTOCOPY CENTER,,168.00,0.00,"78,609.78",168.00,0.00
20 Dec 2023,Receive Money,Revolving Fund,,0.00,"9,282.65","69,327.13","(9,282.65)",0.00
Total Office Supplies,,,,"78,609.78","9,282.65","69,327.13","71,209.99","1,882.86"
,,,,,,,,
Repairs and Maintenance-Labor,,,,,,,,
02 Feb 2023,Spend Money,Nelson de Leon - Inspection Fee,,"1,000.00",0.00,"1,000.00","1,000.00",0.00
27 Mar 2023,Payable Invoice,Reyaire Ref and Aircon Services - Aircon Maintenance,,"7,500.00",0.00,"8,500.00","7,500.00",0.00
28 Mar 2023,Spend Money,Not assigned,,200.00,0.00,"8,700.00",200.00,0.00
28 Jul 2023,Spend Money,Chady's Locksmith Key Duplicating Services - Key Duplication,,150.00,0.00,"8,850.00",150.00,0.00
07 Aug 2023,Payable Invoice,Reyaire Ref and Aircon Services - Aircon Maintenance,,"9,000.00",0.00,"17,850.00","9,000.00",0.00
09 Sep 2023,Payable Invoice,Barebones Inc. - Caliberation Fee - ASUS ProArt PA32UC-K,,"15,000.00",0.00,"32,850.00","16,800.00","1,800.00"
04 Dec 2023,Payable Invoice,Reyaire Ref and Aircon Services - Aircon Maintenance,,"9,000.00",0.00,"41,850.00","9,000.00",0.00
Total Repairs and Maintenance-Labor,,,,"41,850.00",0.00,"41,850.00","43,650.00","1,800.00"
,,,,,,,,
Repairs and Maintenance-Materials/Supplies,,,,,,,,
12 Sep 2023,Spend Money,Lazada - KEVE 3 in 1 for Bidet Spray Complete Set Toilet 304 Stainless with Valve Bidet Head Spray Gun bidet sprayer,,339.24,0.00,339.24,339.24,0.00
16 Nov 2023,Spend Money,Redgie Mara - Lights and Fixtures,,"2,800.00",0.00,"3,139.24","2,800.00",0.00
22 Nov 2023,Spend Money,Redgie Mara - Lights and Fixtures,,800.00,0.00,"3,939.24",800.00,0.00
Total Repairs and Maintenance-Materials/Supplies,,,,"3,939.24",0.00,"3,939.24","3,939.24",0.00
,,,,,,,,
Software Subscriptions,,,,,,,,
02 Jan 2023,Spend Money,Microsoft,,349.00,0.00,349.00,349.00,0.00
02 Jan 2023,Spend Money,Xero (NZ) Ltd - Xero Subscription,,"2,551.31",0.00,"2,900.31","2,551.31",0.00
04 Jan 2023,Spend Money,Avid Technology - Avid Software Subscription,,"1,374.32",0.00,"4,274.63","1,374.32",0.00
04 Jan 2023,Spend Money,Avid Technology - Avid Software Subscription,,"1,374.32",0.00,"5,648.95","1,374.32",0.00
07 Jan 2023,Spend Money,Unity Software Inc. - SyncSketch Subscription,,685.19,0.00,"6,334.14",685.19,0.00
07 Jan 2023,Spend Money,Avid Technology - Avid Software Subscription,,"1,369.80",0.00,"7,703.94","1,369.80",0.00
10 Jan 2023,Spend Money,Notion Labs Inc - Notion Subscription,,"7,316.83",0.00,"15,020.77","7,316.83",0.00
11 Jan 2023,Spend Money,Avid Technology - Avid Software Subscription,,"1,356.26",0.00,"16,377.03","1,356.26",0.00
12 Jan 2023,Spend Money,Adobe - Frame.io Subscription,,"16,449.13",0.00,"32,826.16","16,449.13",0.00
14 Jan 2023,Spend Money,Avid Technology - Avid Software Subscription,,"1,351.88",0.00,"34,178.04","1,351.88",0.00
14 Jan 2023,Spend Money,Avid Technology - Avid Software Subscription,,"1,351.88",0.00,"35,529.92","1,351.88",0.00
17 Jan 2023,Spend Money,RemotePC - RemotePC,,"1,681.83",0.00,"37,211.75","1,681.83",0.00
19 Jan 2023,Spend Money,Paypal,,"4,759.21",0.00,"41,970.96","4,759.21",0.00
22 Jan 2023,Spend Money,Avid Technology - Avid Software Subscription,,"1,339.04",0.00,"43,310.00","1,339.04",0.00
25 Jan 2023,Spend Money,Adobe - Adobe Subscription,,"2,642.00",0.00,"45,952.00","2,642.00",0.00
25 Jan 2023,Spend Money,Notion Labs Inc - Notion Subscription,,"8,757.33",0.00,"54,709.33","8,757.33",0.00
02 Feb 2023,Spend Money,Microsoft,,349.00,0.00,"55,058.33",349.00,0.00
04 Feb 2023,Spend Money,Avid Technology - Avid Software Subscription,,"1,322.43",0.00,"56,380.76","1,322.43",0.00
05 Feb 2023,Spend Money,Avid Technology - Avid Software Subscription,,"1,330.31",0.00,"57,711.07","1,330.31",0.00
06 Feb 2023,Spend Money,Adobe - Adobe Subscription,,"2,642.00",0.00,"60,353.07","2,642.00",0.00
07 Feb 2023,Spend Money,Unity Software Inc. - SyncSketch Subscription,,676.26,0.00,"61,029.33",676.26,0.00
08 Feb 2023,Spend Money,Adobe - Adobe Subscription,,"26,796.00",0.00,"87,825.33","26,796.00",0.00
08 Feb 2023,Spend Money,Avid Technology - Avid Software Subscription,,"1,344.81",0.00,"89,170.14","1,344.81",0.00
08 Feb 2023,Spend Money,Xero (NZ) Ltd - Xero Subscription,,"2,516.23",0.00,"91,686.37","2,516.23",0.00
09 Feb 2023,Spend Money,Adobe - Frame.io Subscription,,"18,115.64",0.00,"109,802.01","18,115.64",0.00
10 Feb 2023,Spend Money,Avid Technology - Avid Software Subscription,,"1,340.26",0.00,"111,142.27","1,340.26",0.00
14 Feb 2023,Spend Money,Avid Technology - Avid Software Subscription,,"1,353.05",0.00,"112,495.32","1,353.05",0.00
17 Feb 2023,Spend Money,RemotePC - RemotePC,,"1,695.64",0.00,"114,190.96","1,695.64",0.00
22 Feb 2023,Spend Money,Avid Technology - Avid Software Subscription,,"1,352.81",0.00,"115,543.77","1,352.81",0.00
25 Feb 2023,Spend Money,Adobe - Adobe Subscription,,"26,796.00",0.00,"142,339.77","26,796.00",0.00
25 Feb 2023,Spend Money,Adobe - Adobe Subscription,,"2,642.00",0.00,"144,981.77","2,642.00",0.00
07 Mar 2023,Spend Money,Unity Software Inc. - SyncSketch Subscription,,679.88,0.00,"145,661.65",679.88,0.00
08 Mar 2023,Spend Money,Notion Labs Inc - Notion Subscription,,"8,494.69",0.00,"154,156.34","8,494.69",0.00
08 Mar 2023,Spend Money,Xero (NZ) Ltd - Xero Subscription,,"2,529.73",0.00,"156,686.07","2,529.73",0.00
09 Mar 2023,Spend Money,Adobe - Frame.io Subscription,,"18,235.27",0.00,"174,921.34","18,235.27",0.00
10 Mar 2023,Spend Money,Microsoft,,349.00,0.00,"175,270.34",349.00,0.00
10 Mar 2023,Spend Money,Adobe - Frame.io Subscription,,626.91,0.00,"175,897.25",626.91,0.00
10 Mar 2023,Spend Money,Adobe - Adobe Subscription,,"2,642.00",0.00,"178,539.25","2,642.00",0.00
10 Mar 2023,Spend Money,Avid Technology - Avid Software Subscription,,"1,357.35",0.00,"179,896.60","1,357.35",0.00
11 Mar 2023,Spend Money,Avid Technology - Avid Software Subscription,,"1,357.35",0.00,"181,253.95","1,357.35",0.00
11 Mar 2023,Spend Money,Avid Technology - Avid Software Subscription,,"1,357.35",0.00,"182,611.30","1,357.35",0.00
11 Mar 2023,Spend Money,Avid Technology - Avid Software Subscription,,"1,357.35",0.00,"183,968.65","1,357.35",0.00
15 Mar 2023,Spend Money,Avid Technology - Avid Software Subscription,,"1,351.70",0.00,"185,320.35","1,351.70",0.00
17 Mar 2023,Spend Money,RemotePC,,"1,681.21",0.00,"187,001.56","1,681.21",0.00
23 Mar 2023,Spend Money,Avid Technology - Avid Software Subscription,,"1,336.52",0.00,"188,338.08","1,336.52",0.00
23 Mar 2023,Spend Money,Adobe - Frame.io Subscription,,252.93,0.00,"188,591.01",252.93,0.00
26 Mar 2023,Spend Money,Notion Labs Inc - Notion Subscription,,"8,356.70",0.00,"196,947.71","8,356.70",0.00
28 Mar 2023,Spend Money,Adobe - Adobe Subscription,,"26,796.00",0.00,"223,743.71","26,796.00",0.00
28 Mar 2023,Spend Money,Adobe - Adobe Subscription,,"2,642.00",0.00,"226,385.71","2,642.00",0.00
30 Mar 2023,Spend Money,Adobe - Adobe Subscription,,"2,642.00",0.00,"229,027.71","2,642.00",0.00
01 Apr 2023,Spend Money,Xero (NZ) Ltd - Xero Subscription,,"2,486.83",0.00,"231,514.54","2,486.83",0.00
02 Apr 2023,Spend Money,Microsoft,,349.00,0.00,"231,863.54",349.00,0.00
02 Apr 2023,Spend Money,Adobe - Frame.io Subscription,,"19,687.05",0.00,"251,550.59","19,687.05",0.00
03 Apr 2023,Spend Money,Zoom,,"8,374.47",0.00,"259,925.06","8,374.47",0.00
04 Apr 2023,Spend Money,Avid Technology - Avid Software Subscription,,"1,338.91",0.00,"261,263.97","1,338.91",0.00
04 Apr 2023,Spend Money,Avid Technology - Avid Software Subscription,,"1,338.91",0.00,"262,602.88","1,338.91",0.00
06 Apr 2023,Spend Money,Avid Technology - Avid Software Subscription,,"1,340.65",0.00,"263,943.53","1,340.65",0.00
07 Apr 2023,Spend Money,Unity Software Inc. - SyncSketch Subscription,,670.60,0.00,"264,614.13",670.60,0.00
11 Apr 2023,Spend Money,Avid Technology - Avid Software Subscription,,"1,355.36",0.00,"265,969.49","1,355.36",0.00
15 Apr 2023,Spend Money,Avid Technology - Avid Software Subscription,,"1,357.98",0.00,"267,327.47","1,357.98",0.00
17 Apr 2023,Spend Money,RemotePC - RemotePC,,"1,722.34",0.00,"269,049.81","1,722.34",0.00
22 Apr 2023,Spend Money,Avid Technology - Avid Software Subscription,,"1,374.37",0.00,"270,424.18","1,374.37",0.00
24 Apr 2023,Spend Money,Avid Technology - Avid Software Subscription,,"13,618.16",0.00,"284,042.34","13,618.16",0.00
25 Apr 2023,Spend Money,Adobe - Adobe Subscription,,"26,796.00",0.00,"310,838.34","26,796.00",0.00
25 Apr 2023,Spend Money,Adobe - Adobe Subscription,,"2,642.00",0.00,"313,480.34","2,642.00",0.00
25 Apr 2023,Spend Money,Notion Labs Inc - Notion Subscription,,"8,546.97",0.00,"322,027.31","8,546.97",0.00
25 Apr 2023,Spend Money,Paddle.net,,"6,723.61",0.00,"328,750.92","6,723.61",0.00
29 Apr 2023,Spend Money,Adobe - Adobe Subscription,,"2,642.00",0.00,"331,392.92","2,642.00",0.00
01 May 2023,Spend Money,Xero (NZ) Ltd - Xero Subscription,,"2,535.91",0.00,"333,928.83","2,535.91",0.00
01 May 2023,Spend Money,"SGO Online Shop - Mistika SGO - May 2023
",Yellowfin,"4,345.40",0.00,"338,274.23","4,345.40",0.00
02 May 2023,Spend Money,Adobe - Frame.io Subscription,,"15,777.64",0.00,"354,051.87","15,777.64",0.00
03 May 2023,Spend Money,Microsoft,,349.00,0.00,"354,400.87",349.00,0.00
04 May 2023,Spend Money,Avid Technology - Avid Software Subscription,,"1,359.70",0.00,"355,760.57","1,359.70",0.00
04 May 2023,Spend Money,Avid Technology - Avid Software Subscription,,"1,359.70",0.00,"357,120.27","1,359.70",0.00
06 May 2023,Spend Money,Avid Technology - Avid Software Subscription,,"1,359.70",0.00,"358,479.97","1,359.70",0.00
07 May 2023,Spend Money,Unity Software Inc. - SyncSketch Subscription,,680.38,0.00,"359,160.35",680.38,0.00
11 May 2023,Spend Money,Avid Technology - Avid Software Subscription,,"1,373.34",0.00,"360,533.69","1,373.34",0.00
14 May 2023,Spend Money,Avid Technology - Avid Software Subscription,,"1,377.34",0.00,"361,911.03","1,377.34",0.00
17 May 2023,Spend Money,RemotePC - RemotePC,,"1,717.80",0.00,"363,628.83","1,717.80",0.00
23 May 2023,Spend Money,Adobe - Frame.io Subscription,,279.54,0.00,"363,908.37",279.54,0.00
23 May 2023,Spend Money,Avid Technology - Avid Software Subscription,,"1,371.40",0.00,"365,279.77","1,371.40",0.00
23 May 2023,Spend Money,Boris FX,,"3,544.25",0.00,"368,824.02","3,544.25",0.00
25 May 2023,Spend Money,Notion Labs Inc - Notion Subscription,,"8,594.63",0.00,"377,418.65","8,594.63",0.00
25 May 2023,Spend Money,Adobe - Adobe Subscription,,"26,796.00",0.00,"404,214.65","26,796.00",0.00
25 May 2023,Spend Money,Adobe - Adobe Subscription,,"2,642.00",0.00,"406,856.65","2,642.00",0.00
30 May 2023,Spend Money,Adobe Inc. - Adobe Subscription,,"2,642.00",0.00,"409,498.65","2,642.00",0.00
01 Jun 2023,Spend Money,Xero (NZ) Ltd - Xero Subscription,,"2,561.04",0.00,"412,059.69","2,561.04",0.00
01 Jun 2023,Spend Money,"SGO Online Shop - Mistika SGO - June 2023
",Yellowfin,"4,261.70",0.00,"416,321.39","4,261.70",0.00
02 Jun 2023,Spend Money,Adobe - Frame.io Subscription,,"15,015.17",0.00,"431,336.56","15,015.17",0.00
02 Jun 2023,Spend Money,Microsoft,,349.00,0.00,"431,685.56",349.00,0.00
02 Jun 2023,Spend Money,Parago Software Ltd,,"1,246.14",0.00,"432,931.70","1,246.14",0.00
04 Jun 2023,Spend Money,Avid Technology - Avid Software Subscription,,"1,380.25",0.00,"434,311.95","1,380.25",0.00
04 Jun 2023,Spend Money,Avid Technology - Avid Software Subscription,,"1,380.25",0.00,"435,692.20","1,380.25",0.00
05 Jun 2023,Spend Money,Avid Technology - Avid Software Subscription,,"1,381.35",0.00,"437,073.55","1,381.35",0.00
07 Jun 2023,Spend Money,Unity Software Inc. - SyncSketch Subscription,,690.22,0.00,"437,763.77",690.22,0.00
09 Jun 2023,Spend Money,WeTransfer,,"6,890.21",0.00,"444,653.98","6,890.21",0.00
10 Jun 2023,Spend Money,Avid Technology - Avid Software Subscription,,"1,377.47",0.00,"446,031.45","1,377.47",0.00
14 Jun 2023,Spend Money,Avid Technology - Avid Software Subscription,,"1,375.69",0.00,"447,407.14","1,375.69",0.00
16 Jun 2023,Spend Money,RemotePC,,"1,713.46",0.00,"449,120.60","1,713.46",0.00
23 Jun 2023,Spend Money,Avid Technology - Avid Software Subscription,,"1,368.91",0.00,"450,489.51","1,368.91",0.00
23 Jun 2023,Spend Money,Adobe - Frame.io Subscription,,260.21,0.00,"450,749.72",260.21,0.00
23 Jun 2023,Spend Money,Boris FX,,"3,537.83",0.00,"454,287.55","3,537.83",0.00
25 Jun 2023,Spend Money,Adobe - Adobe Subscription,,"26,796.00",0.00,"481,083.55","26,796.00",0.00
25 Jun 2023,Spend Money,Adobe - Adobe Subscription,,"2,642.00",0.00,"483,725.55","2,642.00",0.00
26 Jun 2023,Spend Money,Notion Labs Inc - Notion Subscription,,"9,253.45",0.00,"492,979.00","9,253.45",0.00
26 Jun 2023,Spend Money,Adobe - Frame.io Subscription,,852.22,0.00,"493,831.22",852.22,0.00
29 Jun 2023,Spend Money,Adobe Inc. - Adobe Subscription,,"2,642.00",0.00,"496,473.22","2,642.00",0.00
01 Jul 2023,Spend Money,Xero (NZ) Ltd - Xero Subscription,,"2,534.31",0.00,"499,007.53","2,534.31",0.00
01 Jul 2023,Spend Money,"SGO Online Shop - Mistika SGO - July 2023
",Yellowfin,"4,298.95",0.00,"503,306.48","4,298.95",0.00
02 Jul 2023,Spend Money,Microsoft,,349.00,0.00,"503,655.48",349.00,0.00
02 Jul 2023,Spend Money,Adobe - Frame.io Subscription,,"18,051.98",0.00,"521,707.46","18,051.98",0.00
03 Jul 2023,Spend Money,Adobe - Frame.io Subscription,,804.91,0.00,"522,512.37",804.91,0.00
04 Jul 2023,Spend Money,Avid Technology - Avid Software Subscription,,"1,361.99",0.00,"523,874.36","1,361.99",0.00
04 Jul 2023,Spend Money,Avid Technology - Avid Software Subscription,,"1,361.99",0.00,"525,236.35","1,361.99",0.00
05 Jul 2023,Spend Money,Adobe - Frame.io Subscription,,776.66,0.00,"526,013.01",776.66,0.00
06 Jul 2023,Spend Money,Adobe - Frame.io Subscription,,574.17,0.00,"526,587.18",574.17,0.00
06 Jul 2023,Spend Money,Avid Technology - Avid Software Subscription,,"1,366.51",0.00,"527,953.69","1,366.51",0.00
07 Jul 2023,Spend Money,Adobe - Frame.io Subscription,,721.14,0.00,"528,674.83",721.14,0.00
07 Jul 2023,Spend Money,Unity Software Inc. - SyncSketch Subscription,,683.54,0.00,"529,358.37",683.54,0.00
10 Jul 2023,Spend Money,Avid Technology - Avid Software Subscription,,"1,363.50",0.00,"530,721.87","1,363.50",0.00
14 Jul 2023,Spend Money,Adobe - Frame.io Subscription,,324.15,0.00,"531,046.02",324.15,0.00
15 Jul 2023,Spend Money,Avid Technology - Avid Software Subscription,,"1,338.49",0.00,"532,384.51","1,338.49",0.00
16 Jul 2023,Spend Money,RemotePC,,"1,670.63",0.00,"534,055.14","1,670.63",0.00
23 Jul 2023,Spend Money,Avid Technology - Avid Software Subscription,,"1,342.70",0.00,"535,397.84","1,342.70",0.00
25 Jul 2023,Spend Money,Notion Labs Inc - Notion Subscription,,"8,953.74",0.00,"544,351.58","8,953.74",0.00
25 Jul 2023,Spend Money,Adobe Inc. - Adobe Subscription,,"26,796.00",0.00,"571,147.58","26,796.00",0.00
25 Jul 2023,Spend Money,Adobe Inc. - Adobe Subscription,,"2,642.00",0.00,"573,789.58","2,642.00",0.00
26 Jul 2023,Spend Money,Adobe - Frame.io Subscription,,"2,517.93",0.00,"576,307.51","2,517.93",0.00
28 Jul 2023,Spend Money,Avid Technology - Avid Software Subscription,,"1,965.75",0.00,"578,273.26","1,965.75",0.00
30 Jul 2023,Spend Money,Adobe Inc. - Adobe Subscription,,"2,642.00",0.00,"580,915.26","2,642.00",0.00
31 Jul 2023,Spend Money,ApprovalMax,,"3,876.79",0.00,"584,792.05","3,876.79",0.00
01 Aug 2023,Spend Money,Xero (NZ) Ltd - Xero Subscription,,"2,518.29",0.00,"587,310.34","2,518.29",0.00
01 Aug 2023,Spend Money,"SGO Online Shop - Mistika SGO - August 2023
",Yellowfin,"4,308.44",0.00,"591,618.78","4,308.44",0.00
02 Aug 2023,Spend Money,Avid Technology,,"6,582.03",0.00,"598,200.81","6,582.03",0.00
02 Aug 2023,Spend Money,Microsoft,,349.00,0.00,"598,549.81",349.00,0.00
02 Aug 2023,Spend Money,Adobe - Frame.io Subscription,,"18,503.15",0.00,"617,052.96","18,503.15",0.00
02 Aug 2023,Spend Money,Avid Technology - Avid Software Subscription,,"13,559.37",0.00,"630,612.33","13,559.37",0.00
03 Aug 2023,Spend Money,Avid Technology - Avid Software Subscription,,"1,369.28",0.00,"631,981.61","1,369.28",0.00
03 Aug 2023,Spend Money,Avid Technology - Avid Software Subscription,,"1,369.28",0.00,"633,350.89","1,369.28",0.00
03 Aug 2023,Spend Money,Avid Technology - Avid Software Subscription,,"34,189.20",0.00,"667,540.09","34,189.20",0.00
04 Aug 2023,Spend Money,Avid Technology - Avid Software Subscription,,"1,369.28",0.00,"668,909.37","1,369.28",0.00
07 Aug 2023,Spend Money,Adobe - Frame.io Subscription,,719.36,0.00,"669,628.73",719.36,0.00
07 Aug 2023,Spend Money,Unity Software Inc. - SyncSketch Subscription,,692.80,0.00,"670,321.53",692.80,0.00
08 Aug 2023,Spend Money,Vimeo,,"13,854.35",0.00,"684,175.88","13,854.35",0.00
11 Aug 2023,Spend Money,cleverbridge AG,,"1,245.72",0.00,"685,421.60","1,245.72",0.00
11 Aug 2023,Spend Money,Avid Technology - Avid Software Subscription,,"1,386.11",0.00,"686,807.71","1,386.11",0.00
13 Aug 2023,Spend Money,Adobe - Frame.io Subscription,,366.23,0.00,"687,173.94",366.23,0.00
14 Aug 2023,Spend Money,Boris FX,,"3,604.24",0.00,"690,778.18","3,604.24",0.00
15 Aug 2023,Spend Money,Avid Technology - Avid Software Subscription,,"1,395.04",0.00,"692,173.22","1,395.04",0.00
16 Aug 2023,Spend Money,RemotePC,,"1,740.01",0.00,"693,913.23","1,740.01",0.00
17 Aug 2023,Spend Money,Adobe - Frame.io Subscription,,444.80,0.00,"694,358.03",444.80,0.00
19 Aug 2023,Spend Money,Adobe - Frame.io Subscription,,398.53,0.00,"694,756.56",398.53,0.00
22 Aug 2023,Spend Money,Boris FX,,"3,573.13",0.00,"698,329.69","3,573.13",0.00
23 Aug 2023,Spend Money,Boris FX,,"3,594.55",0.00,"701,924.24","3,594.55",0.00
23 Aug 2023,Spend Money,Avid Technology - Avid Software Subscription,,"1,393.99",0.00,"703,318.23","1,393.99",0.00
23 Aug 2023,Spend Money,Avid Technology - Avid Software Subscription,,"13,887.63",0.00,"717,205.86","13,887.63",0.00
25 Aug 2023,Spend Money,Adobe Inc. - Adobe Subscription,,"2,642.00",0.00,"719,847.86","2,642.00",0.00
25 Aug 2023,Spend Money,Adobe Inc. - Adobe Subscription,,"26,796.00",0.00,"746,643.86","26,796.00",0.00
26 Aug 2023,Spend Money,Notion Labs Inc - Notion Subscription,,"10,213.13",0.00,"756,856.99","10,213.13",0.00
26 Aug 2023,Spend Money,Adobe - Frame.io Subscription,,"2,614.14",0.00,"759,471.13","2,614.14",0.00
28 Aug 2023,Spend Money,Avid Technology - Avid Software Subscription,,"2,032.99",0.00,"761,504.12","2,032.99",0.00
30 Aug 2023,Spend Money,Adobe - Frame.io Subscription,,88.92,0.00,"761,593.04",88.92,0.00
30 Aug 2023,Spend Money,Adobe Inc. - Adobe Subscription,,"2,642.00",0.00,"764,235.04","2,642.00",0.00
31 Aug 2023,Spend Money,ApprovalMax,,"4,000.21",0.00,"768,235.25","4,000.21",0.00
01 Sep 2023,Spend Money,Xero (NZ) Ltd - Xero Subscription,,"2,588.54",0.00,"770,823.79","2,588.54",0.00
01 Sep 2023,Spend Money,"SGO Online Shop - Mistika SGO - September 2023
",Yellowfin,"4,384.00",0.00,"775,207.79","4,384.00",0.00
02 Sep 2023,Spend Money,Adobe - Frame.io Subscription,,"23,397.73",0.00,"798,605.52","23,397.73",0.00
02 Sep 2023,Spend Money,Microsoft,,349.00,0.00,"798,954.52",349.00,0.00
03 Sep 2023,Spend Money,Avid Technology - Avid Software Subscription,,"1,391.16",0.00,"800,345.68","1,391.16",0.00
03 Sep 2023,Spend Money,Avid Technology - Avid Software Subscription,,"1,391.16",0.00,"801,736.84","1,391.16",0.00
06 Sep 2023,Spend Money,Avid Technology - Avid Software Subscription,,"13,942.76",0.00,"815,679.60","13,942.76",0.00
06 Sep 2023,Spend Money,Avid Technology - Avid Software Subscription,,"1,399.52",0.00,"817,079.12","1,399.52",0.00
07 Sep 2023,Spend Money,Unity Software Inc. - SyncSketch Subscription,,697.22,0.00,"817,776.34",697.22,0.00
12 Sep 2023,Spend Money,Avid Technology - Avid Software Subscription,,"1,393.62",0.00,"819,169.96","1,393.62",0.00
13 Sep 2023,Spend Money,Adobe - Frame.io Subscription,,553.91,0.00,"819,723.87",553.91,0.00
14 Sep 2023,Spend Money,Boris FX,,"3,609.01",0.00,"823,332.88","3,609.01",0.00
15 Sep 2023,Spend Money,Avid Technology - Avid Software Subscription,,"1,396.45",0.00,"824,729.33","1,396.45",0.00
16 Sep 2023,Spend Money,RemotePC,,"1,743.38",0.00,"826,472.71","1,743.38",0.00
20 Sep 2023,Spend Money,GoDaddy,,"5,148.00",0.00,"831,620.71","5,148.00",0.00
21 Sep 2023,Spend Money,GoDaddy,,"1,799.00",0.00,"833,419.71","1,799.00",0.00
22 Sep 2023,Spend Money,Boris FX,,"3,609.77",0.00,"837,029.48","3,609.77",0.00
23 Sep 2023,Spend Money,Boris FX,,"3,609.77",0.00,"840,639.25","3,609.77",0.00
23 Sep 2023,Spend Money,Avid Technology - Avid Software Subscription,,"1,396.75",0.00,"842,036.00","1,396.75",0.00
25 Sep 2023,Spend Money,Adobe Inc. - Adobe Subscription,,"26,796.00",0.00,"868,832.00","26,796.00",0.00
25 Sep 2023,Spend Money,Adobe Inc. - Adobe Subscription,,"2,642.00",0.00,"871,474.00","2,642.00",0.00
26 Sep 2023,Spend Money,Notion Labs Inc - Notion Subscription,,"11,666.81",0.00,"883,140.81","11,666.81",0.00
28 Sep 2023,Spend Money,Avid Technology - Avid Software Subscription,,"2,032.14",0.00,"885,172.95","2,032.14",0.00
29 Sep 2023,Spend Money,Adobe Inc. - Adobe Subscription,,"2,642.00",0.00,"887,814.95","2,642.00",0.00
30 Sep 2023,Spend Money,ApprovalMax,,"4,007.35",0.00,"891,822.30","4,007.35",0.00
01 Oct 2023,Spend Money,Xero (NZ) Ltd - Xero Subscription,,"2,595.40",0.00,"894,417.70","2,595.40",0.00
01 Oct 2023,Spend Money,SGO Online Shop - Mistika SGO - October 2023,Yellowfin,"4,269.48",0.00,"898,687.18","4,269.48",0.00
02 Oct 2023,Spend Money,Microsoft,,349.00,0.00,"899,036.18",349.00,0.00
02 Oct 2023,Spend Money,Adobe - Frame.io Subscription,,"16,017.40",0.00,"915,053.58","16,017.40",0.00
04 Oct 2023,Spend Money,Avid Technology - Avid Software Subscription,,"1,393.13",0.00,"916,446.71","1,393.13",0.00
04 Oct 2023,Spend Money,Avid Technology - Avid Software Subscription,,"1,393.13",0.00,"917,839.84","1,393.13",0.00
06 Oct 2023,Spend Money,Avid Technology - Avid Software Subscription,,"1,393.13",0.00,"919,232.97","1,393.13",0.00
11 Oct 2023,Spend Money,Avid Technology - Avid Software Subscription,,"1,395.46",0.00,"920,628.43","1,395.46",0.00
14 Oct 2023,Spend Money,Boris FX,,"3,605.83",0.00,"924,234.26","3,605.83",0.00
14 Oct 2023,Spend Money,Avid Technology - Avid Software Subscription,,"1,395.22",0.00,"925,629.48","1,395.22",0.00
16 Oct 2023,Spend Money,RemotePC,,"1,741.38",0.00,"927,370.86","1,741.38",0.00
22 Oct 2023,Spend Money,Boris FX,,"3,608.69",0.00,"930,979.55","3,608.69",0.00
22 Oct 2023,Spend Money,Avid Technology - Avid Software Subscription,,"13,910.91",0.00,"944,890.46","13,910.91",0.00
22 Oct 2023,Spend Money,Avid Technology - Avid Software Subscription,,"1,396.32",0.00,"946,286.78","1,396.32",0.00
23 Oct 2023,Spend Money,Boris FX,,"3,608.69",0.00,"949,895.47","3,608.69",0.00
25 Oct 2023,Spend Money,Adobe Inc. - Adobe Subscription,,"26,796.00",0.00,"976,691.47","26,796.00",0.00
25 Oct 2023,Spend Money,Adobe Inc. - Adobe Subscription,,"2,642.00",0.00,"979,333.47","2,642.00",0.00
25 Oct 2023,Spend Money,Notion Labs Inc - Notion Subscription,,"11,085.17",0.00,"990,418.64","11,085.17",0.00
28 Oct 2023,Spend Money,Avid Technology - Avid Software Subscription,,"2,041.25",0.00,"992,459.89","2,041.25",0.00
30 Oct 2023,Spend Money,Adobe Inc. - Adobe Subscription,,"2,642.00",0.00,"995,101.89","2,642.00",0.00
31 Oct 2023,Spend Money,ApprovalMax,,"4,017.89",0.00,"999,119.78","4,017.89",0.00
01 Nov 2023,Spend Money,Xero (NZ) Ltd - Xero Subscription,,"2,600.67",0.00,"1,001,720.45","2,600.67",0.00
01 Nov 2023,Spend Money,SGO Online Shop - Mistika SGO - November 2023,Yellowfin,"4,297.95",0.00,"1,006,018.40","4,297.95",0.00
02 Nov 2023,Spend Money,Microsoft,,349.00,0.00,"1,006,367.40",349.00,0.00
02 Nov 2023,Spend Money,Adobe - Frame.io Subscription,,"18,713.83",0.00,"1,025,081.23","18,713.83",0.00
04 Nov 2023,Spend Money,Avid Technology - Avid Software Subscription,,"1,385.64",0.00,"1,026,466.87","1,385.64",0.00
04 Nov 2023,Spend Money,Avid Technology - Avid Software Subscription,,"1,385.64",0.00,"1,027,852.51","1,385.64",0.00
05 Nov 2023,Spend Money,Avid Technology - Avid Software Subscription,,"1,374.56",0.00,"1,029,227.07","1,374.56",0.00
11 Nov 2023,Spend Money,Avid Technology - Avid Software Subscription,,"1,374.55",0.00,"1,030,601.62","1,374.55",0.00
15 Nov 2023,Spend Money,Avid Technology - Avid Software Subscription,,"1,372.11",0.00,"1,031,973.73","1,372.11",0.00
16 Nov 2023,Spend Money,RemotePC,,"1,708.24",0.00,"1,033,681.97","1,708.24",0.00
23 Nov 2023,Spend Money,Boris FX,,"3,525.44",0.00,"1,037,207.41","3,525.44",0.00
23 Nov 2023,Spend Money,Avid Technology - Avid Software Subscription,,"1,363.32",0.00,"1,038,570.73","1,363.32",0.00
25 Nov 2023,Spend Money,Adobe Inc. - Adobe Subscription,,"26,796.00",0.00,"1,065,366.73","26,796.00",0.00
25 Nov 2023,Spend Money,Adobe Inc. - Adobe Subscription,,"2,642.00",0.00,"1,068,008.73","2,642.00",0.00
25 Nov 2023,Spend Money,Notion Labs Inc - Notion Subscription,,"10,797.43",0.00,"1,078,806.16","10,797.43",0.00
28 Nov 2023,Spend Money,Avid Technology - Avid Software Subscription,,"1,986.72",0.00,"1,080,792.88","1,986.72",0.00
29 Nov 2023,Spend Money,Adobe Inc. - Adobe Subscription,,"2,642.00",0.00,"1,083,434.88","2,642.00",0.00
30 Nov 2023,Spend Money,ApprovalMax,,"3,922.41",0.00,"1,087,357.29","3,922.41",0.00
01 Dec 2023,Spend Money,Xero (NZ) Ltd - Xero Subscription,,"2,862.22",0.00,"1,090,219.51","2,862.22",0.00
02 Dec 2023,Spend Money,Microsoft,,349.00,0.00,"1,090,568.51",349.00,0.00
02 Dec 2023,Spend Money,Adobe - Frame.io Subscription,,"14,647.64",0.00,"1,105,216.15","14,647.64",0.00
03 Dec 2023,Spend Money,Google - Google Storage Subscription,,"4,799.00",0.00,"1,110,015.15","4,799.00",0.00
04 Dec 2023,Spend Money,Avid Technology - Avid Software Subscription,,"1,361.97",0.00,"1,111,377.12","1,361.97",0.00
05 Dec 2023,Spend Money,Avid Technology - Avid Software Subscription,,"1,360.55",0.00,"1,112,737.67","1,360.55",0.00
06 Dec 2023,Spend Money,Avid Technology - Avid Software Subscription,,"1,360.68",0.00,"1,114,098.35","1,360.68",0.00
11 Dec 2023,Spend Money,Avid Technology - Avid Software Subscription,,"1,366.69",0.00,"1,115,465.04","1,366.69",0.00
15 Dec 2023,Spend Money,Avid Technology - Avid Software Subscription,,"1,369.28",0.00,"1,116,834.32","1,369.28",0.00
16 Dec 2023,Spend Money,RemotePC,,"1,709.47",0.00,"1,118,543.79","1,709.47",0.00
23 Dec 2023,Spend Money,Avid Technology - Avid Software Subscription,,"1,361.41",0.00,"1,119,905.20","1,361.41",0.00
23 Dec 2023,Spend Money,Boris FX,,"3,518.45",0.00,"1,123,423.65","3,518.45",0.00
25 Dec 2023,Spend Money,Notion Labs Inc - Notion Subscription,,"9,711.11",0.00,"1,133,134.76","9,711.11",0.00
25 Dec 2023,Spend Money,Adobe Inc. - Adobe Subscription,,"26,796.00",0.00,"1,159,930.76","26,796.00",0.00
25 Dec 2023,Spend Money,Adobe Inc. - Adobe Subscription,,"2,642.00",0.00,"1,162,572.76","2,642.00",0.00
28 Dec 2023,Spend Money,Avid Technology - Avid Software Subscription,,"1,990.14",0.00,"1,164,562.90","1,990.14",0.00
Total Software Subscriptions,,,,"1,164,562.90",0.00,"1,164,562.90","1,164,562.90",0.00
,,,,,,,,
Sound System and Equipment,,,,,,,,
Opening Balance,,,,"244,174.12",0.00,"244,174.12",0.00,0.00
31 Jan 2023,,Depreciation of FA-0066 on 31 Jan 2023.,,0.00,185.49,"243,988.63",(185.49),0.00
31 Jan 2023,,Depreciation of FA-0085 on 31 Jan 2023.,,0.00,"1,833.33","242,155.30","(1,833.33)",0.00
03 Feb 2023,Payable Invoice,Nelson de Leon - Materials,,"22,800.00",0.00,"264,955.30","22,800.00",0.00
03 Feb 2023,Payable Invoice,Nelson de Leon - Labor,,"14,000.00",0.00,"278,955.30","14,000.00",0.00
03 Feb 2023,Payable Invoice,Nelson de Leon - Mobilization,,"6,000.00",0.00,"284,955.30","6,000.00",0.00
03 Feb 2023,Payable Invoice,Nelson de Leon - Incidentals,,"2,500.00",0.00,"287,455.30","2,500.00",0.00
03 Feb 2023,Payable Invoice,Nelson de Leon - Less Inspection Fee,,0.00,"1,000.00","286,455.30","(1,000.00)",0.00
06 Feb 2023,Payable Invoice,"Nelson de Leon - Viewing Room 
Acoustic panels 2’ x 6’
50 kgm rockwool @ 50mm",,"82,500.00",0.00,"368,955.30","82,500.00",0.00
14 Feb 2023,Spend Money,Noemi Paguiligan - Speakers,,831.00,0.00,"369,786.30",831.00,0.00
27 Feb 2023,Spend Money,Wesley Yap,,"150,000.00",0.00,"519,786.30","150,000.00",0.00
28 Feb 2023,,Depreciation of FA-0066 on 28 Feb 2023.,,0.00,185.49,"519,600.81",(185.49),0.00
28 Feb 2023,,Depreciation of FA-0085 on 28 Feb 2023.,,0.00,"1,833.34","517,767.47","(1,833.34)",0.00
09 Mar 2023,Payable Invoice,"Nelson de Leon - 2 pcs 
Acoustic panels 2’ x 6’
50 kgm rockwool @ 50mm",,"4,200.00",0.00,"521,967.47","4,200.00",0.00
13 Mar 2023,Receive Money,Wesley Yap,,0.00,"18,200.00","503,767.47","(18,200.00)",0.00
15 Mar 2023,Payable Invoice,Nelson de Leon - BAY 2 Isolated Sound Proofed Wall,,"28,100.00",0.00,"531,867.47","28,100.00",0.00
15 Mar 2023,Payable Invoice,"Nelson de Leon - For the water pipes :Materials : Mass Loaded Rubber Vinyl
2mm = 2 meters x 900/meter (used)
4mm = 2 meters x 1,600 per meter (used)
",,"5,000.00",0.00,"536,867.47","5,000.00",0.00
15 Mar 2023,Payable Invoice,Nelson de Leon - Labor,,"1,800.00",0.00,"538,667.47","1,800.00",0.00
15 Mar 2023,Payable Invoice,Nelson de Leon - New TV Installation for Bay 2,,800.00,0.00,"539,467.47",800.00,0.00
15 Mar 2023,Payable Invoice,"Nelson de Leon - Door sealing for 5.1 room. 4 panel doors.
rubber seal =1,200
labor :1,000
",,"2,200.00",0.00,"541,667.47","2,200.00",0.00
15 Mar 2023,Payable Invoice,"Nelson de Leon - Repainting of 5.1 room backwall (middle portion tv only)
labor & paint semi gloss black (matte is not possible because our water based paint does not have matte ",,"1,000.00",0.00,"542,667.47","1,000.00",0.00
15 Mar 2023,Payable Invoice,Nelson de Leon - Disocunt,,0.00,"11,400.00","531,267.47","(11,400.00)",0.00
24 Mar 2023,Payable Invoice,Nelson de Leon - Automatic Door Sealer,,"3,000.00",0.00,"534,267.47","3,000.00",0.00
31 Mar 2023,,Depreciation of FA-0066 on 31 Mar 2023.,,0.00,185.49,"534,081.98",(185.49),0.00
31 Mar 2023,,Depreciation of FA-0085 on 31 Mar 2023.,,0.00,"1,833.33","532,248.65","(1,833.33)",0.00
30 Apr 2023,,Depreciation of FA-0066 on 30 Apr 2023.,,0.00,185.49,"532,063.16",(185.49),0.00
30 Apr 2023,,Depreciation of FA-0085 on 30 Apr 2023.,,0.00,"1,833.33","530,229.83","(1,833.33)",0.00
31 May 2023,,Depreciation of FA-0066 on 31 May 2023.,,0.00,185.49,"530,044.34",(185.49),0.00
31 May 2023,,Depreciation of FA-0085 on 31 May 2023.,,0.00,"1,833.34","528,211.00","(1,833.34)",0.00
30 Jun 2023,,Depreciation of FA-0066 on 30 Jun 2023.,,0.00,185.49,"528,025.51",(185.49),0.00
30 Jun 2023,,Depreciation of FA-0085 on 30 Jun 2023.,,0.00,"1,833.33","526,192.18","(1,833.33)",0.00
31 Jul 2023,,Depreciation of FA-0066 on 31 Jul 2023.,,0.00,185.49,"526,006.69",(185.49),0.00
31 Jul 2023,,Depreciation of FA-0085 on 31 Jul 2023.,,0.00,"1,833.33","524,173.36","(1,833.33)",0.00
31 Aug 2023,,Depreciation of FA-0066 on 31 Aug 2023.,,0.00,185.49,"523,987.87",(185.49),0.00
31 Aug 2023,,Depreciation of FA-0085 on 31 Aug 2023.,,0.00,"1,833.34","522,154.53","(1,833.34)",0.00
30 Sep 2023,,Depreciation of FA-0066 on 30 Sep 2023.,,0.00,185.49,"521,969.04",(185.49),0.00
30 Sep 2023,,Depreciation of FA-0085 on 30 Sep 2023.,,0.00,"1,833.33","520,135.71","(1,833.33)",0.00
23 Oct 2023,Spend Money,CVY Corporation - Live Sound Equipments,,"338,978.00",0.00,"859,113.71","338,978.00",0.00
31 Oct 2023,,Depreciation of FA-0066 on 31 Oct 2023.,,0.00,185.49,"858,928.22",(185.49),0.00
31 Oct 2023,,Depreciation of FA-0085 on 31 Oct 2023.,,0.00,"1,833.33","857,094.89","(1,833.33)",0.00
30 Nov 2023,,Depreciation of FA-0066 on 30 Nov 2023.,,0.00,185.49,"856,909.40",(185.49),0.00
30 Nov 2023,,Depreciation of FA-0085 on 30 Nov 2023.,,0.00,"1,833.34","855,076.06","(1,833.34)",0.00
31 Dec 2023,,Depreciation of FA-0066 on 31 Dec 2023.,,0.00,185.49,"854,890.57",(185.49),0.00
31 Dec 2023,,Depreciation of FA-0085 on 31 Dec 2023.,,0.00,"1,833.33","853,057.24","(1,833.33)",0.00
Total Sound System and Equipment,,,,"663,709.00","54,825.88","853,057.24","608,883.12",0.00
Closing Balance,,,,"853,057.24",0.00,"853,057.24",0.00,0.00
,,,,,,,,
Sponsorship Fee,,,,,,,,
17 Jan 2023,Spend Money,"ABS-CBN Film Productions, Inc. - Marketing Sponsorship",,"25,000.00",0.00,"25,000.00","25,000.00",0.00
27 Feb 2023,Spend Money,Donz Lechon - Project 8 Project Lechon ,,"26,425.00",0.00,"51,425.00","26,425.00",0.00
06 Jul 2023,Spend Money,Rod Marmol - Birthday Gift,,"5,868.00",0.00,"57,293.00","5,868.00",0.00
09 Aug 2023,Spend Money,"Project 8 Projects - Iti Mapupukaw Victory Party

Big Sky Mind Contemporaries Corp.",Iti Mapupukaw,"17,857.14",0.00,"75,150.14","20,000.00","2,142.86"
29 Aug 2023,Spend Money,Melvin Pineda Gamilla - Dan Villegas Birthday Mobile Bar,,"33,000.00",0.00,"108,150.14","33,000.00",0.00
29 Aug 2023,Spend Money,Melvin Pineda Gamilla - Dan Villegas Birthday Mobile Bar Extension,,"8,000.00",0.00,"116,150.14","8,000.00",0.00
Total Sponsorship Fee,,,,"116,150.14",0.00,"116,150.14","118,293.00","2,142.86"
,,,,,,,,
Storage Devices,,,,,,,,
21 Mar 2023,Spend Money,Amazon Marketplace,,"25,373.79",0.00,"25,373.79","25,373.79",0.00
21 Mar 2023,Spend Money,Amazon Marketplace,,"25,374.35",0.00,"50,748.14","25,374.35",0.00
30 Mar 2023,Receive Money,Amazon Marketplace,,0.00,"1,723.10","49,025.04","(1,723.10)",0.00
30 Mar 2023,Receive Money,Amazon Marketplace,,0.00,"1,723.10","47,301.94","(1,723.10)",0.00
18 Apr 2023,Payable Invoice,8 Zettabytes Group OPC - 12TB Tower Drive,,"108,482.14",0.00,"155,784.08","121,500.00","13,017.86"
18 Apr 2023,Payable Invoice,8 Zettabytes Group OPC - 4TB External SSD Usb C,,"22,321.43",0.00,"178,105.51","25,000.00","2,678.57"
22 Apr 2023,Spend Money,Inspire The World OPC - SSD,,"58,567.86",0.00,"236,673.37","65,596.00","7,028.14"
20 May 2023,Payable Invoice,8 Zettabytes Group OPC - 4TB SSD,,"149,946.43",0.00,"386,619.80","167,940.00","17,993.57"
22 Jun 2023,Payable Invoice,"Christina Marie Catalan - 360 x 5
=1800",,"12,780.00",0.00,"399,399.80","12,780.00",0.00
22 Jun 2023,Payable Invoice,"Christina Marie Catalan - ultra speed 
=190",,"1,349.00",0.00,"400,748.80","1,349.00",0.00
08 Jul 2023,Spend Money,"Xitrix - Western Digital 1TB WD Blue PC Hard Drive HDD - 7200 RPM, SATA 6 Gb/s, 64 MB Cache, 3.5inch - WD10EZEX; 2 Years Philippine Warranty",,"2,450.00",0.00,"403,198.80","2,450.00",0.00
19 Jul 2023,Spend Money,Upson Intl. Corp. - Seagate 4TB Onetouch Black HDD w/ PW,,"6,071.43",0.00,"409,270.23","6,800.00",728.57
Total Storage Devices,,,,"412,716.43","3,446.20","409,270.23","450,716.94","41,446.71"
,,,,,,,,
TV Monitors,,,,,,,,
Opening Balance,,,,"588,800.00",0.00,"588,800.00",0.00,0.00
05 Jan 2023,Payable Invoice,"Robinsons True Seve Hardware Philippines, Inc. - TV Mount",,"1,250.00",0.00,"590,050.00","1,250.00",0.00
05 Jan 2023,Payable Invoice,Robinsons Appliances Corporatio - LG Smart TV,,"21,990.00",0.00,"612,040.00","21,990.00",0.00
19 Jan 2023,Payable Invoice,Abenson Ventures Inc. - LG OLED,,"49,104.46",0.00,"661,144.46","54,997.00","5,892.54"
Total TV Monitors,,,,"72,344.46",0.00,"661,144.46","78,237.00","5,892.54"
Closing Balance,,,,"661,144.46",0.00,"661,144.46",0.00,0.00
,,,,,,,,
Total,,,,"4,711,702.08","209,277.37","8,320,636.62","4,591,214.42","88,789.71"